967770953648
967772325196
967780990694
967772865269
967779641911
967775307615
967783193072
967783314109
967771227907
967784801945
967779925873
967777110006
967770927045
967775428005
967770698063
967773826150
967777758214
967777836691
967776544546
967775596843
967780870267
967774062178
967774116242
967771221936
967780986122
967774774786
967784089222
967784453319
967781014477
967784610271
967779321460
967779884212
967772487495
967774678651
967783878418
967773447333
967776732892
967776977569
967772519803
967782442757
967778134890
967784975081
967771721471
967780767112
967773422320
967773502574
967787088345
967779006589
967779150292
967777852748
967777106261
967779521693
967778697454
967783353315
967770792633
967772137034
967772291476
967770855922
967782089564
967784245658
967772220068
967776410862
967784668821
967771978682
967780626275
967781163918
967772252678
967779457308
967777084901
967771278638
967782810241
967785026003
967782646492
967771270702
967776006894
967770652220
967772777565
967771562321
967783857181
967783271552
967783518872
967776042804
967784792623
967773023558
967775892606
967776569542
967770556289
967781546194
967780925169
967781775900
967779629284
967771672410
967775623641
967782756232
967782272527
967777223658
967781398473
967779516365
967773966552
967784861655
967780762764
967784530571
967785242918
967770783235
967772652622
967772398926
967784716181
967777226167
967783982377
967783049963
967773317136
967780571999
967776802026
967777207111
967778420546
967781580442
967772228431
967789456680
967770104593
967773262733
967772701141
967772053429
967771878880
967775522652
967775387699
967770978844
967782216168
967771774739
967775576001
967771593453
967776917975
967775438431
967784520674
967782329476
967779819730
967779373589
967772332414
967771910027
967776884850
967782960461
967773647801
967770883949
967770764244
967771484676
967783537252
967783594769
967774163692
967780631293
967783155692
967772119177
967774355391
967777630909
967774956012
967783284818
967772073444
967776472942
967777033347
967773220219
967771527781
967776258430
967775952099
967781675362
967771170125
967773676882
967773391943
967774912393
967770833926
967784689927
967784759137
967782332454
967773278820
967773092928
967781165955
967778965869
967777638845
967781286521
967777514870
967782550009
967779372165
967779513858
967774519521
967775996679
967784523632
967779957996
967783559531
967785054604
967777718681
967771752023
967779160201
967782434785
967772991586
967778483321
967782104775
967773357976
967773541646
967773881513
967773685929
967775309792
967776692229
967777639410
967770792720
967771108758
967770776390
967782181877
967783480860
967785087340
967778178157
967773420087
967772668052
967772740739
967780592372
967771819723
967779470423
967789426812
967776540361
967774539544
967770835816
967780948636
967779704901
967775647620
967783491393
967770799089
967784951750
967781856589
967774222348
967775220246
967783413685
967780769140
967779410081
967772677003
967773281063
967773262138
967775997877
967781221376
967783104578
967773251305
967778449580
967783369625
967771060499
967772346314
967771836163
967783791747
967780308190
967774895271
967775276400
967773670568
967770754408
967782394812
967782017906
967781576711
967775514764
967777548552
967781578365
967782216799
967778693458
967773555411
967776360104
967773766043
967774485427
967777192776
967784017756
967771235842
967771859594
967784154261
967775946388
967778369893
967771986381
967784203593
967781178587
967776672161
967773902626
967781777366
967776562128
967784192625
967783832700
967770496289
967771409446
967772941147
967781611778
967781852861
967783906716
967786581694
967780140446
967780880709
967770513102
967782576123
967782387496
967780138410
967778952104
967771313805
967771879025
967773826366
967781634368
967777461283
967772198937
967782230989
967783897944
967783949917
967779757546
967773642174
967780604771
967776178234
967776514211
967777503201
967775371482
967779719523
967781235953
967777135807
967770186087
967785832709
967780770191
967780421599
967774135844
967774415742
967771387722
967784857202
967779989838
967772628548
967776654543
967771745816
967780070914
967773290056
967777121559
967780836735
967782866705
967772859380
967783695064
967772421373
967778001520
967775892636
967781995306
967779168800
967776756972
967782439006
967775056903
967783335631
967783842607
967780492730
967772794462
967772174125
967771438920
967780294770
967770420121
967783902699
967771350695
967779151353
967777764732
967777424424
967775731511
967771952612
967774449800
967784881383
967772291521
967777724409
967782495739
967781765457
967773095803
967781235078
967771309438
967780416518
967778819281
967782159454
967784567419
967777113793
967778148876
967778870586
967783756809
967776312696
967784273411
967780723684
967777678813
967779958495
967775758036
967781995328
967771104252
967777839568
967774583080
967784880884
967781235350
967770263218
967773506367
967776284501
967776231592
967775868859
967772213311
967781278701
967781206681
967772292790
967780929708
967772676642
967770120799
967783529466
967780929531
967781654630
967773022499
967781030026
967783054582
967775315559
967773215510
967776872172
967777434920
967782606367
967781009535
967775297511
967784347956
967771949741
967775718497
967781254249
967780315672
967782263398
967780996058
967777431058
967773583345
967772270594
967770597828
967778122491
967773782519
967773918828
967783992925
967786103328
967774131971
967773221576
967773687369
967779591833
967777431259
967777929776
967774859749
967781584837
967771980036
967772823012
967780075947
967777487702
967772492584
967787106945
967783285879
967782804143
967776899018
967781713377
967780051398
967775088886
967776192908
967774715296
967775732120
967771492543
967774721070
967775852425
967777128363
967777091737
967776564804
967773067419
967770073992
967776139463
967779041226
967774797537
967784296263
967777978091
967774878348
967781384504
967774486189
967777912400
967772865448
967780065792
967780201100
967780667616
967775559210
967774288557
967779538887
967774846364
967775649687
967771568820
967776581228
967781190519
967775961708
967773429144
967776213206
967776877297
967786980193
967775997587
967771676745
967784800643
967781075923
967774615192
967773912654
967771786784
967775014959
967775541266
967774063385
967783408894
967774550066
967779830832
967773306700
967773218602
967780261441
967773867275
967775871066
967773515461
967778944713
967775860917
967773449752
967775015670
967777049239
967772213027
967782941470
967777173959
967780813393
967774678724
967783756707
967781630649
967783091834
967776054623
967772903299
967783238574
967781624438
967770688140
967783382166
967771979328
967782192088
967773369185
967785061664
967779553955
967774500424
967783550546
967771929694
967774415415
967774956638
967771085040
967782503871
967783758657
967782885774
967770803504
967782179422
967777039948
967776982225
967784697962
967773336755
967782425669
967780054093
967777321495
967781800496
967778684738
967776240378
967771189861
967779915260
967784885327
967778632365
967771024282
967781450314
967770298580
967779049190
967781450174
967779545377
967782657440
967772553446
967771424883
967780794425
967782025888
967778925961
967775464098
967773285367
967782702524
967771483797
967774367716
967779325187
967777952040
967782572039
967776910323
967776495309
967784708963
967770516028
967781780699
967784528076
967778128624
967781675665
967782140470
967777574591
967774871756
967778469567
967777975695
967784961100
967776915412
967782893454
967771699043
967776439432
967783158184
967780077956
967775586159
967780986041
967784200154
967770752699
967773208775
967782424441
967774253120
967778808229
967775880052
967782671280
967770240528
967782358594
967779189651
967781620989
967777168911
967782472389
967788548962
967777756877
967772139285
967778556963
967780943231
967770702622
967773923583
967774153246
967781741098
967775078002
967781335395
967777893875
967783903373
967771239811
967777318526
967788468387
967781701125
967780883630
967772344657
967785095671
967771440506
967780365462
967775519940
967771198430
967779501684
967774761083
967780418980
967774520541
967773533836
967774762891
967785013604
967772207672
967776497841
967786326247
967784493987
967777743348
967784673265
967781596527
967780035779
967775798956
967786489548
967776713561
967781449268
967779034668
967783496720
967777297948
967774512238
967771738543
967778829105
967778093850
967773127609
967772564510
967771619836
967778991776
967777838768
967775732712
967775766374
967777185817
967785037915
967782263441
967780959208
967785641438
967776190989
967771027980
967778942007
967775973374
967775743735
967780959451
967771658472
967778894389
967783406915
967783015788
967777259075
967783332260
967784289548
967788119861
967782203506
967772960117
967773404784
967781655433
967778803341
967774535844
967773887231
967783293616
967770182480
967784172981
967784295858
967779786052
967774508887
967774117312
967784361083
967784829822
967774235088
967779804714
967780978649
967776306355
967780540137
967771029299
967783319320
967779092754
967774794608
967773239650
967784334198
967771716205
967782828346
967782986707
967778687007
967778063016
967780434478
967773868976
967779434360
967776029309
967774927496
967777198320
967778095728
967778822433
967783412989
967775964877
967770283917
967778385941
967783535016
967779068335
967783431727
967770208583
967781487039
967782572841
967776415905
967782398841
967784447460
967777932945
967774176160
967774602703
967770572982
967777500928
967780097426
967777307581
967775587464
967773734912
967783816627
967773433316
967782002557
967780454822
967779291579
967781861073
967784214248
967775719514
967773716028
967775383333
967783036136
967777604052
967774541359
967775235200
967782087434
967773522721
967782361541
967771355026
967779183468
967775378127
967780460902
967783073080
967777153707
967774107864
967781206225
967785061100
967782683588
967776263159
967774075043
967783811728
967783038431
967770137647
967779163760
967782779474
967780275685
967780917936
967772097753
967773132922
967778858502
967776016497
967781609693
967775017874
967781780533
967777258365
967781659185
967779232853
967782751049
967771144169
967773993915
967772798294
967773318489
967771967682
967771884082
967775188015
967778984931
967775068612
967782360543
967773388933
967778907645
967773673348
967772325284
967770316458
967781437673
967781135054
967781497748
967774014987
967771924981
967784095726
967773039070
967778101777
967785033123
967778198325
967782785748
967782230981
967776460512
967774104614
967772625856
967770566377
967771128490
967773715156
967782530875
967776774914
967774610426
967775454572
967777294454
967782018650
967777228832
967782743076
967776067341
967772084152
967782386812
967775267773
967781099134
967774868434
967780674490
967783357542
967784063532
967783099502
967777387947
967777285003
967771461674
967778041968
967776582539
967774129881
967776067902
967778443779
967775008280
967773725366
967784487122
967778613814
967779840756
967778223832
967781242740
967772252474
967781147011
967783762727
967771385454
967781549442
967774181169
967784881118
967783051698
967770380971
967776352782
967771192432
967780329950
967774742293
967775513255
967782191465
967782016366
967775152723
967771526313
967783418335
967781079244
967771245343
967770351728
967771760131
967780673119
967776078199
967776847668
967783538635
967777913484
967777381844
967774223088
967782720336
967778300547
967780737894
967774929853
967781277849
967779966323
967775278716
967774224553
967773223977
967783665501
967776119543
967775877661
967772159053
967782242269
967775901085
967771418012
967782152311
967780356055
967781086936
967777062810
967777159786
967777057846
967782801815
967775007874
967773921135
967781190224
967772185814
967774961608
967779052291
967785311168
967779079717
967773424202
967776898381
967779030529
967777346667
967770720407
967783016819
967774552430
967780376141
967770001324
967781222933
967775299372
967775943185
967771805689
967784747545
967784451754
967788383641
967772730798
967771683408
967783627501
967778388252
967773734389
967788227473
967779487189
967779882458
967781186907
967778499026
967775751001
967782461753
967771027801
967773800845
967780915854
967776749389
967779408205
967782337786
967773002808
967776082056
967782033256
967780320946
967771074486
967775252384
967784959396
967776155741
967777246728
967782683633
967772003414
967778205540
967779200580
967777616250
967778229031
967781937837
967781441961
967780250975
967782002056
967779480107
967780604554
967776434692
967783480371
967782733161
967772394914
967778520347
967773698289
967781173512
967771501717
967776218272
967780446197
967782336309
967775762441
967778960367
967777171844
967783232357
967782614992
967773987101
967771654096
967778708910
967781722959
967783193497
967784789769
967772332448
967783909450
967779978202
967770796426
967772094611
967781821851
967782733547
967784714986
967778861999
967781225865
967780587760
967777073157
967780768045
967781949992
967773273580
967774309439
967781067722
967770380308
967773114655
967783800892
967780837963
967773266265
967778908424
967779378420
967771766724
967777152040
967782023777
967771580094
967782306796
967783450537
967770995041
967770111377
967779649698
967772394785
967783349624
967778917540
967783793553
967784865080
967780767634
967777966312
967771571675
967783903155
967772014539
967780560570
967771579974
967771536587
967782414653
967784829102
967775518055
967777274643
967778695296
967771697358
967781567440
967785240824
967783536973
967779947622
967777895555
967784259111
967781633116
967772049922
967772550179
967774217071
967784812767
967770557272
967786776666
967775254390
967778618770
967784021261
967784866813
967771800379
967783602767
967774454986
967773023007
967781640486
967780879864
967781974191
967775706019
967777827949
967775607519
967786417020
967781429980
967770231965
967776124443
967776595382
967771734511
967780546623
967773607278
967771451051
967778932631
967779915729
967776897861
967770405364
967778649401
967778062249
967771988071
967781217373
967776951949
967784377226
967785006931
967776067449
967782152720
967774503082
967783173470
967777491598
967778827839
967778666799
967771231027
967775791739
967773548949
967783386227
967775425204
967784899020
967773742945
967770573326
967770186808
967783909180
967774312182
967784727033
967771297900
967779488533
967783878960
967771923766
967772731742
967773811704
967773929723
967782807740
967771359573
967779086556
967782489261
967775018647
967782600584
967786782422
967784397428
967782714388
967775615557
967771289780
967775540756
967784533222
967777640178
967784069265
967774158604
967774379616
967778024299
967785064260
967774040248
967777927056
967780211788
967777792112
967783098361
967774238835
967776812481
967776078625
967782431269
967779206510
967773750680
967784508534
967780226516
967784276971
967770747268
967772043546
967782097026
967785004677
967774868816
967776712804
967777077020
967779251806
967776525065
967771184658
967776908799
967773546084
967782256754
967770258814
967781526520
967775817749
967776983203
967781849042
967776265097
967788514405
967770567124
967775267598
967773685653
967778095440
967780989568
967780926467
967783064975
967781313401
967783210609
967770269947
967780456093
967782521499
967780618638
967774016357
967782448263
967781044488
967784956704
967784144059
967780079420
967777895279
967783838903
967775956708
967778186083
967785018415
967776343673
967772222224
967778166406
967776338481
967777673795
967776397743
967774393788
967777085975
967782730728
967773597431
967773516884
967776361141
967772216221
967779495437
967771828591
967778071210
967777530405
967785095158
967777949472
967774058654
967780709155
967773854072
967773747275
967778786246
967774532067
967778528770
967771844996
967782531890
967775032456
967781266873
967777091638
967782301989
967770204807
967777692239
967786442707
967783965284
967777815593
967777648146
967771511497
967779522981
967775521146
967776633304
967773360927
967776133470
967785800759
967780500345
967772836830
967777320623
967771206409
967781634993
967775186662
967780361103
967781700572
967783077010
967772755644
967783477169
967772894534
967781776832
967777781327
967783785688
967774425692
967777549024
967774025938
967772654615
967781540104
967776134424
967772644009
967777179523
967783995391
967773377640
967783040496
967784391493
967779023604
967772721701
967770687703
967779069920
967781959496
967782770144
967770819127
967771421070
967779975842
967783392982
967777074474
967778288202
967770702811
967779519694
967772490306
967777506483
967770335735
967776171231
967780195964
967784946863
967780190715
967772314540
967775977069
967771002665
967781471171
967784487934
967772558671
967774190392
967778553365
967785759079
967774243853
967782519407
967781256289
967773581491
967783822206
967773079894
967775458304
967772700985
967784751512
967779629404
967779035504
967781015876
967774395580
967776974937
967773673451
967773278899
967777194710
967777301621
967776363356
967776332514
967784426857
967778943143
967776736509
967772808603
967784979056
967782706244
967770917151
967779963058
967772862481
967780361906
967781285016
967776461312
967787799424
967780844144
967784477846
967777949916
967777399042
967783008539
967777245888
967774537276
967775814812
967771079053
967773496507
967788647650
967773516297
967773424017
967776429577
967782813093
967771388878
967777725460
967784215827
967783684120
967773962319
967771488990
967770160781
967779578581
967784693368
967772596858
967779887288
967777713269
967785043442
967775938458
967778404059
967782967542
967770619662
967774994845
967777661191
967781932387
967776472992
967784037285
967782599657
967776507632
967782582330
967770812303
967770774784
967783937375
967780077570
967778905117
967781474281
967783042894
967773289199
967783174830
967779812394
967782888701
967783880600
967773707791
967770003688
967774587881
967780952648
967777862906
967778498259
967789023349
967771171441
967773067538
967770598613
967784861757
967772397615
967774578832
967781913034
967779108454
967783560229
967786976512
967783263914
967771788940
967777779676
967770909680
967779624038
967776535961
967784909037
967777682886
967774459813
967773688676
967779982873
967773188092
967782747173
967780274552
967772158440
967775926105
967782612783
967775694145
967770228672
967784788223
967771456063
967770373702
967783059437
967770784545
967770132310
967771060106
967771867426
967778057689
967772216838
967776889704
967779593868
967783948216
967785129624
967771872738
967771149337
967779435096
967772438684
967778975057
967783816236
967784846401
967771001326
967770988334
967776031669
967771171125
967779252455
967771937313
967776451673
967772854074
967781634328
967771446797
967772851709
967775571776
967783860047
967782529708
967784210971
967773639590
967778240694
967780231852
967775872498
967783052956
967770884225
967771583011
967783457478
967770508026
967783512077
967783065988
967775859005
967777591209
967777235885
967771740270
967779839883
967784089039
967781870187
967773783943
967780869896
967774113458
967783526703
967774625750
967774148231
967771391501
967779619004
967784041561
967776490166
967779005662
967780780788
967776116122
967781317128
967772093065
967778940187
967772384443
967783414195
967783985189
967771030062
967779547119
967770031503
967780270970
967784808835
967773119637
967771822975
967784680955
967776789527
967784795278
967782417295
967771931972
967771826438
967774180662
967781571513
967780708569
967775123199
967784003242
967778235866
967783228247
967775782055
967777483261
967778582466
967778181922
967774170347
967770290823
967782527292
967772787223
967774126226
967772275242
967781909396
967774671315
967775586180
967774185059
967770039413
967776544130
967784273066
967775442492
967775776184
967776196921
967770972721
967771239236
967775310683
967776114377
967781132361
967784954273
967773520136
967784613866
967781349508
967772771680
967780381714
967781108372
967770443108
967782667869
967779898984
967783592332
967775734471
967774747106
967782098846
967777135159
967780905106
967774934759
967772091950
967783604418
967785985420
967779492887
967776440319
967780359118
967775752549
967782411333
967777359421
967783220133
967776430948
967774719234
967785040140
967781523143
967783040540
967778465968
967784821170
967779457232
967785038776
967777914272
967770927896
967772259016
967784705797
967772716661
967772597819
967771411205
967781218667
967774400622
967781042025
967778830528
967774680318
967782804302
967770106333
967776898891
967775575358
967784058110
967783023155
967776838388
967779085059
967777091853
967776201264
967782116477
967778864210
967781891428
967776754070
967777815456
967773703826
967774526109
967772523276
967781970173
967776442838
967777592811
967771935118
967778210972
967777228073
967784885183
967775794234
967782896602
967772984346
967771283445
967771992892
967771267921
967776398719
967778179756
967771974093
967774838109
967776009234
967784081527
967778844128
967784318132
967779065156
967781253334
967770149921
967778324496
967778594051
967781008281
967779604442
967775877676
967774615431
967781078090
967775782976
967771592812
967778836409
967783502556
967779541447
967778397808
967774620755
967773310312
967773419430
967782020637
967774555769
967776170484
967772208032
967778227829
967772771634
967773090227
967782817984
967784222815
967782580719
967771091667
967783640141
967777865473
967784880687
967781098735
967770237814
967780594365
967773801766
967776265418
967782556363
967783087438
967772063882
967779341489
967775349221
967784670633
967778950337
967778563629
967774520388
967775906517
967778308373
967780280978
967773089925
967771379624
967777530997
967778135522
967772220156
967782182453
967776711683
967776036172
967774712023
967775867863
967781945182
967779308558
967772846593
967784150564
967773153184
967777565516
967786550661
967777892763
967784295930
967771425388
967782510827
967779611077
967773595418
967772257029
967770933230
967777100801
967773309151
967772597007
967774326694
967781235377
967780624389
967777985425
967774554812
967781360135
967780825109
967770830806
967775634189
967775722928
967784378648
967771209438
967773788551
967781082399
967770350236
967787775584
967781640879
967770098852
967776981339
967784148735
967780602825
967782006609
967784012271
967773159553
967776445475
967776413320
967775988330
967782832305
967777937126
967771755687
967780927503
967784699425
967781721604
967780801111
967776578792
967783706167
967771482822
967774743146
967781131382
967775479175
967770914012
967783601425
967779908456
967779430471
967782093903
967772836568
967784871445
967771671034
967779592859
967781833757
967775101550
967775061081
967784247495
967776478718
967779927936
967778615572
967772356141
967777633317
967775047204
967776436888
967784198761
967773074753
967779552186
967781928126
967778676988
967771412389
967783945904
967778165882
967771355946
967784766972
967777041900
967778902533
967776107657
967773176535
967777037658
967773088569
967784643308
967773329014
967783824165
967775474037
967773171440
967787791318
967784145796
967779905227
967772667525
967772981409
967777395860
967771896913
967773161288
967778102633
967782765286
967775487369
967782157977
967770230958
967774377245
967783542554
967776894478
967779861246
967772357221
967777096719
967776528485
967777575665
967773708281
967784357677
967775559140
967771041783
967784893010
967770651487
967772717403
967784066719
967787624726
967774382988
967772475858
967773800639
967771717911
967771800353
967784026617
967784697947
967780779119
967789899793
967775219057
967777597196
967783396776
967774042914
967781418831
967780204464
967774684095
967772837275
967776462908
967783807723
967783188105
967772498904
967772500025
967780684079
967773196489
967775458445
967778280800
967774302253
967776729228
967772595876
967778234072
967773740214
967771111923
967773426267
967784839819
967780782996
967770235470
967779827269
967782908476
967776591163
967773441583
967771243063
967771802578
967779435814
967778431947
967778293125
967777105471
967775443483
967783141067
967778865230
967776898829
967770735225
967777631330
967781290227
967783884981
967770128715
967775787342
967774214180
967772907239
967775728399
967781510532
967771832593
967773111994
967783252799
967782389204
967774967916
967775157415
967784101148
967779869764
967778159928
967771058774
967777734186
967771487848
967779273821
967771611571
967779010727
967777065962
967776236146
967778185003
967775727357
967784577677
967775130598
967781327904
967783668874
967778271994
967784126076
967784119644
967773273291
967775090930
967771512067
967782745107
967784262605
967775730842
967775563390
967774577335
967775322797
967782814303
967782378815
967773195040
967770458209
967780181749
967775176100
967783646311
967771581753
967781970707
967770957165
967774198801
967775920965
967780240049
967781297573
967776373399
967782912920
967779812528
967781617286
967773550269
967775758647
967782342580
967773598284
967783460861
967773348292
967779117175
967779824408
967781675760
967780138333
967774513482
967782372982
967782816294
967774369685
967781156791
967772126680
967777305166
967777614105
967770960846
967786393205
967770560828
967771818099
967781647650
967775126901
967780410732
967777751008
967784189683
967774805579
967773423411
967783306696
967774851332
967782169675
967772149946
967774555440
967784568414
967770758501
967771197887
967784694673
967781345567
967775955869
967773061117
967775569673
967782574005
967776844508
967784184997
967776994035
967786118015
967776242601
967771692075
967773685771
967773137733
967774392589
967784473650
967784913739
967782724823
967776226354
967773946932
967781195441
967770371195
967777643280
967777339524
967778378338
967771053927
967785051593
967782118573
967773987719
967770511573
967776868548
967780402167
967775383443
967775138698
967778093683
967772659842
967780984466
967771992979
967776527160
967778315497
967772250581
967778530232
967779972717
967779520938
967773933520
967784475898
967774460385
967783763397
967777356805
967774240871
967783553289
967771298928
967770131617
967781990439
967778251993
967777686677
967779941380
967771877238
967780260284
967775157647
967773220237
967772308331
967771890975
967774820871
967780008758
967777586712
967780245304
967772548129
967773459416
967771257395
967770948512
967779062284
967787196559
967784128747
967773054319
967783808387
967779689159
967772171225
967779746837
967772608284
967784106711
967774009731
967786723511
967772197703
967772483014
967774578010
967770501791
967772727302
967775080442
967783890100
967773133836
967780679989
967781615754
967780048454
967775185155
967782442291
967781908701
967783170147
967774619373
967771716051
967773200837
967774933720
967779298164
967783649640
967781660159
967775118612
967781952973
967770339356
967780090071
967775669216
967783159090
967784787087
967783972547
967776643236
967788878490
967774912040
967774304269
967771909531
967771137030
967779410034
967783969215
967772754482
967778609363
967778091351
967782448582
967774080224
967777734965
967784735641
967777572164
967783464975
967779081665
967777637889
967778058135
967779093548
967775574790
967773651013
967780702876
967770873023
967772739622
967771961961
967772073967
967773395939
967784683162
967784359190
967780312011
967778449147
967780497911
967789317201
967773547787
967786416709
967770040061
967779118299
967775379114
967773427462
967781651827
967777969506
967772430352
967781883925
967784149583
967770475982
967777986708
967783324697
967779003128
967777443001
967778584830
967773982390
967783069239
967772531171
967782740093
967782380230
967781305464
967783164178
967780436758
967780509589
967784286290
967771681075
967776418072
967770586310
967782486556
967781085769
967774445365
967770005463
967783038615
967782062012
967776158728
967777426601
967780454275
967778855899
967770296794
967778293110
967770409294
967770532217
967772894189
967773476324
967778199429
967774725845
967775598969
967779559434
967776065904
967775127326
967773194532
967774940189
967770431602
967783174005
967774165026
967783613525
967780661893
967778460164
967779509099
967770171213
967780317665
967778835350
967777845974
967781552104
967771178329
967784871489
967777502320
967783350011
967778504433
967771368444
967770399536
967780345515
967770179179
967770858612
967775515982
967784194094
967774765301
967772059487
967771479812
967774813864
967777794344
967783360088
967773865097
967776918195
967782238756
967774404661
967774697137
967770524277
967776820508
967772488621
967781216461
967774694127
967782197085
967775107553
967783195865
967779199521
967779270709
967779302272
967774768521
967782253595
967772470058
967782966219
967782969206
967785885174
967770701125
967778047933
967781773923
967778629536
967777854383
967771395792
967778464064
967775735900
967774860071
967776882878
967770928792
967780664795
967781937383
967778335472
967780111579
967774830585
967783362325
967775411673
967776982808
967779314498
967779320529
967776836781
967777462623
967784489421
967784442542
967771793293
967780627488
967778836277
967770521757
967785039413
967776914391
967782323002
967781127715
967782399614
967783282403
967775281495
967777310262
967776602894
967776139639
967772095420
967784244753
967774936904
967778393194
967777288296
967781182366
967780638257
967784998492
967778214693
967778588937
967783155652
967774757064
967776282616
967776213604
967784606923
967773526141
967777517491
967784392619
967778919228
967784832929
967777679526
967771816774
967775422837
967786356258
967784114862
967782152472
967771101642
967773209705
967775189609
967770020458
967778371312
967775953912
967773137021
967778844210
967779528102
967783556519
967783323672
967770122259
967779007932
967779356719
967772573410
967776505576
967776663933
967780998826
967779456715
967772055812
967770367637
967775452628
967783108521
967778243974
967771829855
967771739354
967782804326
967776482533
967777326246
967775772470
967772630916
967782818260
967780625705
967777179560
967770619924
967772903719
967770868400
967776183978
967771627239
967776768588
967775551500
967770427465
967784927504
967781613528
967771341745
967770948368
967773063676
967777180102
967770911691
967774383009
967771266082
967783559768
967782786326
967781716628
967770600051
967777744130
967772050339
967772273570
967782438985
967773875715
967784459807
967772532738
967781045756
967782606533
967783209226
967771387332
967772524599
967772566735
967777878608
967780338956
967776223079
967779966130
967774610880
967771622428
967777905669
967777524612
967771580619
967774660269
967770070146
967782178164
967773860384
967779796132
967784919600
967775316365
967787080001
967780971769
967774038237
967779018310
967782932978
967783952874
967770475309
967781292602
967776430718
967770552715
967781322491
967781433653
967779890884
967771476996
967770560207
967779455827
967782183834
967770020203
967783076713
967772894416
967784016002
967771732097
967778510725
967781050286
967776153788
967772605945
967774601893
967778221234
967776147001
967771156669
967777610304
967775781089
967780753429
967770447350
967775255521
967771604199
967779257192
967783804610
967775954860
967777493116
967781873080
967782849094
967775900169
967775731775
967776725494
967771503213
967775736591
967783479014
967784883233
967781288251
967779506947
967780847145
967771916775
967779936580
967784419470
967784782175
967783836164
967779495174
967779242363
967773258526
967780768050
967772621140
967783118460
967780396929
967776998235
967772203568
967779687632
967776288594
967777885064
967772857360
967775575761
967784971818
967777961161
967770000891
967770214578
967774031406
967778579740
967784146316
967770515130
967774118927
967783787336
967780648982
967770792609
967780891178
967776725554
967773299551
967773014086
967782904152
967777995931
967773966442
967776735437
967783561618
967782591924
967779136266
967775454078
967782913003
967778958650
967774831386
967772224431
967770590808
967772534444
967773849988
967770638075
967772981862
967779203711
967783936691
967778967082
967773028322
967776494941
967777250007
967775941432
967781409355
967775748081
967774999859
967780654342
967770126067
967784507282
967775075317
967783056715
967770255789
967771655624
967773543525
967775946825
967775030586
967776516591
967782918363
967785087773
967780489534
967772995917
967771881715
967776413087
967773284191
967776972282
967779668449
967784113140
967782630761
967772526574
967782452863
967777212235
967781724536
967774456682
967781933954
967779956155
967778428888
967773110683
967779092540
967777637107
967780842833
967772272028
967776528397
967776056313
967782618289
967789048535
967781803925
967774842084
967781289049
967773116971
967774852915
967777079766
967770252167
967770918563
967771975497
967779353795
967776313923
967771139996
967770471046
967776603774
967780964648
967780206953
967771809070
967780960290
967774711819
967780956310
967772568743
967770623291
967780657124
967780918072
967778098318
967779909366
967782127768
967770010687
967774716875
967781769159
967779375005
967778687300
967783795865
967778975444
967772490663
967782061974
967780611762
967775814810
967783769488
967781949330
967774982001
967779351185
967780314310
967782683874
967782201724
967770200408
967778073051
967776876971
967784806956
967772902482
967776539840
967773117237
967770205855
967775317029
967782335810
967781896722
967778121382
967772035524
967776115444
967771069024
967773186799
967779005330
967779195796
967776498810
967775322035
967775227024
967775542926
967774628522
967773024682
967778811767
967771675172
967783640975
967781852486
967779977026
967775739645
967781158002
967774192645
967770281593
967784194284
967772602556
967772952932
967778639170
967780964073
967771349713
967784841100
967783468991
967781164519
967784900851
967772514510
967770680230
967776872107
967770507023
967783965261
967778870920
967770284410
967773728164
967773128462
967774061606
967775867551
967777937558
967778656255
967772738297
967783263726
967784119392
967782912963
967783410415
967774788066
967773636473
967779058807
967782291006
967780191442
967779892808
967783815702
967775594384
967777593485
967774779570
967779825431
967783547043
967770185948
967778165519
967775412513
967786782497
967779078289
967781042312
967777436453
967774336302
967771673356
967773616347
967783145360
967775945507
967781088589
967784353754
967784351762
967781123841
967784315383
967778319610
967771849717
967784013652
967770462294
967775016621
967781420704
967779450493
967783330284
967776817154
967784907263
967777025220
967776632699
967770898565
967782337522
967772079845
967776779084
967783766805
967772527021
967780730458
967773074717
967788086095
967783223374
967780304312
967781114866
967782422000
967772320308
967772305448
967772313883
967785484091
967778979636
967782469172
967771676024
967785242421
967778616178
967783818950
967780620445
967789327287
967781017202
967772239845
967780325500
967771664863
967778610033
967780025549
967777066024
967775401016
967775755295
967776097594
967776082206
967780145065
967776730739
967771336293
967780875254
967780724315
967782994653
967783946542
967770345317
967783613399
967780241441
967780117546
967772668606
967774665174
967783572165
967775414460
967779072908
967773725743
967773413904
967780813663
967781124313
967777748554
967782057299
967770951739
967774816254
967770969964
967773422211
967771719056
967787805629
967778244242
967778539744
967784813397
967776819896
967774471818
967773818215
967783870394
967780118989
967770247014
967784819142
967783518711
967781947287
967779429355
967774833158
967781747724
967770105946
967775071204
967774894892
967781109770
967774318550
967772424899
967775106443
967776604077
967789365303
967778276074
967773585784
967778612654
967777891834
967784124499
967781154818
967773371574
967775122917
967783675141
967774282614
967776005055
967772693633
967775445702
967778313062
967778666761
967777203272
967778496514
967783922591
967777537914
967779032600
967783366539
967775512149
967784585825
967784338059
967784427805
967782298412
967779456905
967781109860
967774525164
967783657555
967774994439
967774916130
967782310427
967784052849
967784900691
967781825461
967782219158
967773377285
967776511343
967784447846
967781989536
967770355675
967771688032
967781029014
967777189998
967775154686
967778190180
967784546601
967782243739
967770127902
967773108874
967783311876
967774062348
967774917543
967783010387
967783270320
967774840413
967781869427
967773444482
967778049389
967781936807
967779140635
967789691280
967780283988
967777415160
967781581369
967777797631
967780926832
967773346840
967783227132
967775952638
967779811378
967773986166
967772957240
967772969102
967780697715
967780614046
967778979403
967784790209
967780386313
967773811749
967784279634
967784772728
967770676054
967773430008
967780479950
967783423071
967785641017
967781213247
967779751371
967774081516
967773000842
967771174273
967782441572
967776963347
967771454823
967779810276
967774811745
967771571288
967777802390
967772201210
967775138124
967782009401
967778889749
967783349315
967782741903
967781887407
967776605886
967781299404
967783025829
967779157834
967781849065
967781425596
967783589778
967770382092
967780884996
967771260360
967780107911
967778971699
967777729842
967772405335
967781925097
967777880015
967774527460
967780157068
967783770471
967777907680
967786423205
967783447951
967783056970
967782280681
967776904524
967777460217
967779554558
967775949886
967772611676
967775783185
967774887018
967776660419
967771183784
967779568094
967784863733
967770923931
967776147748
967775710777
967778228067
967782165954
967771943597
967780851370
967777870614
967784425299
967781676125
967777070332
967776595868
967779135297
967780877202
967772788367
967779138501
967780318034
967770059333
967771101289
967770384108
967781531331
967771650650
967784337983
967784058631
967770961281
967778261502
967770039504
967783301217
967773645213
967775178148
967774987806
967780353226
967778597397
967773878948
967782773612
967776411684
967774063240
967775115165
967771297975
967771535853
967778247047
967771685761
967771226103
967783609175
967779081896
967771126270
967771068582
967779074682
967773252715
967783578865
967781551069
967783827715
967773825758
967774995518
967771644326
967778662941
967778846819
967778892719
967776766795
967778166564
967778155991
967784181238
967774776521
967784994144
967784466852
967772544684
967779833139
967779477361
967776130217
967770404098
967772553293
967777520871
967778471242
967773086358
967783332922
967770545408
967784575762
967782782369
967772214293
967772343720
967777680954
967770370323
967778530817
967774146756
967778401243
967771912632
967775535585
967770460400
967775173322
967780682274
967782448165
967776084299
967771210581
967784370612
967784489407
967778083236
967782560730
967777305898
967773097035
967772908706
967780946588
967775854485
967782543715
967780335706
967783718090
967770484688
967784425069
967777358458
967776093524
967779971506
967780717001
967773972351
967780944469
967779166335
967781223467
967779553079
967778443277
967777863288
967780472465
967780581779
967776270035
967777497497
967781716535
967780004322
967780946775
967780666956
967784312027
967774689358
967777866726
967783117687
967783199910
967777478117
967784003542
967776065881
967774693263
967771811505
967781592112
967780738434
967770392762
967776082487
967770355134
967772627346
967784365337
967784714196
967777417542
967776358698
967775023072
967781821235
967771219191
967781688855
967774581177
967771444928
967780300206
967770607723
967775387894
967781449064
967777926991
967781156302
967779991487
967775431136
967782760303
967782225754
967785011154
967775313932
967775560988
967777883206
967775982404
967780780950
967779865713
967774057678
967775101245
967783561711
967782236682
967779422625
967780473965
967778233478
967773378431
967777741026
967784856102
967777467414
967777800270
967774800440
967772683280
967781327320
967771927138
967783717465
967774311374
967778379079
967783544706
967778389463
967779163777
967773927894
967779574354
967775103729
967771722333
967770365403
967782549090
967783665485
967780839048
967770436216
967780745382
967772305242
967780851593
967772786657
967775404397
967777979266
967780873932
967770575806
967781801938
967772931188
967777286189
967771293177
967784110347
967777109469
967775584203
967783668911
967770460447
967781274798
967776770035
967777084963
967785832814
967777987859
967772901662
967784565226
967779761398
967780252397
967773504690
967779770204
967784419951
967781558737
967784010774
967775234114
967781800170
967783640235
967783622839
967785118990
967784361812
967782256824
967775658355
967775660752
967783298580
967777007141
967781829102
967774788428
967781905944
967780603579
967772029603
967780131619
967782166132
967772183066
967773195462
967772559391
967773781743
967770571034
967771972270
967782972131
967779921716
967781645482
967783734806
967781950434
967772832308
967774635606
967773079477
967779509667
967782680599
967779073805
967774312035
967775409135
967775772467
967784715710
967779616742
967779728274
967770818756
967781188094
967776682934
967774782115
967781223863
967779277148
967771632992
967776764279
967782673294
967780827521
967780813571
967775957699
967784278173
967770307267
967777283697
967771420747
967784896817
967778160549
967778004609
967773536529
967774138155
967772891389
967785048692
967781797325
967780588399
967781164058
967777454174
967782353930
967778290143
967775240424
967773112879
967771223676
967783174893
967778773615
967773513227
967778870479
967779461809
967776603050
967778877827
967777641651
967780921871
967784215843
967772728477
967783762541
967780586301
967778202216
967775359770
967773898441
967775254298
967776667356
967781797517
967777759660
967773836376
967773253653
967783637223
967776988652
967784958882
967771150205
967780887457
967773930248
967779355630
967773700291
967776383493
967770989614
967779701514
967777593146
967772977037
967773822106
967779079491
967782912139
967787185167
967775069980
967777215016
967784066366
967770723894
967773606965
967779285878
967778518347
967770220834
967775188982
967776059720
967780028599
967775072772
967776650406
967784246307
967779947278
967775985836
967782274309
967772292388
967783722666
967775251111
967771118093
967777908261
967781996087
967782868042
967772705555
967775502136
967781638893
967783931067
967771462865
967777687889
967784014213
967782040962
967779247410
967775722849
967785075654
967773937533
967788067630
967774445727
967783508557
967783002360
967770166211
967782437123
967772668459
967784287242
967772232757
967782555366
967771587291
967774394048
967774100244
967783207516
967776712545
967784462304
967787225899
967775856449
967784179290
967783575424
967775950135
967778498365
967779782026
967770834498
967784645760
967770555346
967775917562
967778484980
967775642597
967778857405
967770864662
967780312221
967775028793
967774676137
967772534656
967778096879
967778206322
967782155017
967783331516
967776026468
967781079407
967783190399
967783202685
967778931001
967779875931
967777863505
967772726969
967770696359
967783436635
967774966050
967783391213
967780401126
967776596851
967782031519
967783256688
967772459067
967775097596
967772784904
967770234557
967777016160
967778514582
967772484050
967779805535
967780628665
967782636135
967780151093
967779346985
967777804729
967784105251
967782441340
967780112623
967774084859
967773888997
967783660414
967775060564
967773521237
967775594157
967780409163
967777609065
967771290291
967784711393
967771485345
967775949313
967779463943
967781828413
967771820183
967782142361
967783165972
967780623869
967774950199
967784435393
967782293173
967779858014
967782799270
967772225940
967775125143
967778463854
967782833520
967776107331
967775289662
967772432166
967773936730
967785083306
967776698150
967776916312
967778417273
967780241440
967774298180
967776846114
967771205857
967784848919
967772643506
967773544530
967778523525
967776791314
967780506976
967780479751
967783048764
967771227547
967777616413
967783735744
967774882077
967773511213
967770304232
967783714725
967777920146
967772708747
967787089714
967783326946
967781567944
967777576194
967770897360
967772298013
967782311623
967776017455
967778276918
967771449025
967777171566
967788282437
967770592048
967776540198
967778369491
967775484429
967771434455
967772066081
967778545443
967781874148
967772737821
967777215334
967775651294
967781837151
967781999958
967778074161
967772939354
967777087158
967770690399
967785067115
967782303469
967776729105
967772812160
967777248437
967773676020
967775135956
967773738693
967784831007
967771312663
967782339854
967778619566
967777199613
967779125641
967778996465
967781247574
967781807382
967776070130
967775720699
967783632842
967774187610
967770154986
967770303533
967771805028
967772635242
967784655492
967779860728
967771648967
967782187131
967775915807
967770369736
967777890156
967777555468
967771189426
967774664595
967779294176
967770271504
967770499344
967782370475
967771623166
967771631177
967784500218
967773327655
967772464036
967774585834
967774182917
967778038923
967775563519
967776543219
967784625655
967774644060
967780736923
967772493050
967784927122
967777220491
967775079866
967772731998
967775595783
967777095530
967773859378
967774824632
967784072757
967779065289
967775236060
967771054195
967779008669
967776098895
967780374290
967771910451
967781844424
967770186411
967781445087
967780076623
967770422525
967779868252
967779522296
967787086100
967779091136
967772695982
967784993603
967777260244
967771718762
967779753035
967783054676
967773600517
967770804529
967782247032
967783343034
967772831991
967778315858
967780979869
967781127958
967777189738
967782652650
967781550566
967772586147
967783173514
967784630338
967771265408
967776323153
967771324220
967772956394
967784728494
967778039366
967771273156
967773374081
967776187364
967773159692
967776189548
967779378711
967774777607
967784764450
967771070965
967772573234
967778213754
967788878588
967771358168
967775280411
967773174364
967770815504
967780762256
967783422482
967780651993
967787827840
967771002319
967777630747
967776435718
967774516584
967776821910
967775606008
967779957811
967780716611
967775532153
967779270865
967783430399
967783507405
967784596264
967775655581
967772829834
967777638670
967777372602
967782323464
967781105403
967773730326
967773721728
967781448425
967777762375
967780045147
967770255880
967772124283
967772344001
967774917096
967789824513
967776595888
967783488003
967781958538
967778844458
967780290230
967777345327
967779303365
967777342294
967770873684
967780084247
967781674193
967782852661
967775515793
967770904007
967774559628
967777488641
967780157279
967771900762
967772298786
967772100718
967782318188
967772727224
967778853647
967777320467
967777335493
967772995317
967772950289
967776105713
967774604531
967783450272
967779248635
967781192303
967777379844
967783006621
967781911385
967781416924
967780158640
967770574595
967770141171
967776304566
967781536471
967777031421
967781064368
967777084936
967779859250
967775026477
967779035227
967770698172
967777549543
967779539744
967789878460
967775797996
967781736833
967773765175
967783084171
967779702534
967780335972
967780983846
967784881084
967773610850
967779904465
967782138702
967771793068
967784544560
967776327365
967771337682
967784602024
967771622709
967780460491
967773418429
967772394165
967770520507
967775813717
967781133024
967785038424
967779900078
967770788428
967781767176
967782699792
967771338495
967781649889
967776615735
967774565538
967773201561
967780513085
967771280446
967770553910
967774203533
967781806527
967779262426
967782417511
967778694521
967783731472
967785422786
967781434243
967777213678
967770947065
967779870040
967775214860
967772583467
967776631494
967784190739
967770914552
967782984638
967771611759
967781378831
967779044990
967772193022
967771689005
967782239113
967781961318
967774192753
967780334733
967770388748
967771594667
967771460079
967780316996
967777026835
967773171102
967773265567
967771221110
967777880929
967776134674
967779040749
967773888303
967782611293
967781608566
967775991966
967775040782
967784216612
967782221935
967783553628
967772315227
967771220522
967771925395
967779981781
967770714410
967772695667
967778574403
967776001359
967784260677
967777352977
967781753790
967779772080
967780628877
967781122758
967783175447
967779782880
967773446111
967774303209
967778581791
967777172783
967784142482
967784909711
967783570929
967773517753
967782401268
967783258761
967781517444
967770582156
967774769419
967781960028
967775343170
967773352484
967770368248
967779794566
967774272984
967775157546
967774624831
967778903507
967781539457
967773353918
967775657868
967771854787
967776843105
967771049509
967776422585
967784765062
967776342846
967771575539
967783891627
967771104729
967775163594
967776084783
967770316312
967780238538
967770564777
967783109423
967776311039
967778823106
967772271176
967776302713
967777013698
967774069478
967783672785
967778394703
967779946595
967771784316
967784607596
967775795479
967773680476
967783690620
967771162207
967771611694
967772771685
967777143630
967771872494
967775660687
967773465027
967778815116
967784198164
967773949103
967773508882
967782511406
967775850722
967775530663
967783395999
967774026341
967770517157
967781542978
967776330046
967783989552
967777136020
967783444983
967776450888
967775422389
967781195787
967782997448
967777566553
967770174888
967781838831
967773185337
967777631298
967775089045
967776035646
967782550110
967775644528
967779171119
967775258243
967776131636
967775765821
967779479901
967780192747
967773907503
967782527930
967775434396
967772069147
967783965262
967770394599
967770368658
967775877892
967772381379
967783340252
967780241731
967770190561
967780923682
967775773076
967773124489
967775820800
967778385315
967770747303
967779333941
967776965538
967770889410
967781567788
967783954635
967782900475
967778574328
967779718671
967773210510
967770791167
967774690733
967784509534
967779257129
967783388420
967782095567
967778603893
967773380664
967780270599
967788223572
967774860088
967780953910
967773870902
967778914822
967783883635
967770099595
967776056923
967782530780
967770604601
967774619137
967779812542
967780469170
967772926967
967782966415
967781560508
967781564136
967777715968
967779568857
967782256745
967777197543
967773335185
967778825191
967772173215
967779425383
967778039087
967778347466
967784682062
967777666742
967784320489
967782508340
967774675361
967777821660
967778545615
967777939578
967776166855
967778291329
967783879691
967775421404
967774391409
967774220157
967779009849
967781050923
967770254439
967773738551
967773342692
967774719410
967771579686
967777380144
967777922291
967784916535
967773511690
967782048916
967770117350
967773404445
967779335377
967775188131
967780957471
967772500428
967771332604
967777193127
967777007974
967785024367
967772029533
967785291407
967783179587
967776226875
967780709970
967772487565
967783881166
967772731610
967783455578
967774719708
967778334513
967771582396
967784467677
967774389863
967780862511
967772485284
967779257619
967783925973
967784538386
967788037600
967777388386
967780313047
967779228706
967771595093
967783940339
967783038078
967778442883
967781142686
967770307427
967772780436
967779239749
967776111655
967776990859
967773829325
967781736144
967781243600
967776868323
967776697747
967776570137
967770759364
967774220944
967781957431
967770677087
967770220451
967775924705
967785264683
967782758844
967788758929
967783854649
967781151033
967774795250
967781480003
967776251306
967773510917
967773157902
967781809736
967775297368
967776822178
967775474809
967770987587
967778710084
967784930853
967780779985
967775615886
967775971098
967770533972
967772057415
967772542778
967782921690
967771874270
967780866236
967783962761
967783422083
967784279049
967772880879
967773874936
967770694225
967776386762
967778991359
967782726981
967781646733
967771029176
967772276609
967784892310
967783179590
967773544645
967772870217
967772020442
967782726156
967770643153
967783988467
967770996276
967770058145
967779270921
967777867922
967781224741
967784317343
967773026474
967778571510
967782802642
967773818339
967775840589
967778337024
967777504778
967770191616
967780351236
967772396315
967770999195
967778591718
967777715058
967773422710
967778663793
967779465981
967778140629
967782530814
967777200677
967772061613
967775302538
967779855202
967786337353
967783158014
967778258405
967782525488
967781662095
967777267487
967777318005
967773738958
967770073172
967775885029
967771536191
967782064998
967770936774
967784843694
967784214064
967773736878
967782901113
967777625838
967775808192
967779212633
967780548789
967774479405
967773049868
967778016014
967782723443
967774128283
967781692953
967784101920
967772195515
967774851057
967784865537
967780966951
967781781960
967781627575
967771584283
967779934738
967783963164
967774133510
967773088471
967780998870
967778681547
967771555926
967781323542
967786280674
967781180055
967787928469
967775350625
967773350803
967770207185
967775786959
967774093651
967782881483
967771180967
967781764073
967778528908
967770754111
967772977827
967776500304
967773278066
967786754600
967772996440
967775665163
967770009797
967770528051
967780307171
967775378260
967774183261
967770350169
967771499679
967781794331
967775260391
967775770755
967783878555
967784562988
967783350475
967777558645
967784432872
967772232086
967783530868
967772737048
967781686381
967775887135
967783822027
967770752625
967780091932
967774411935
967777092855
967774962811
967783385714
967777650219
967780821533
967779798150
967781184449
967777911996
967778332981
967776946974
967784591475
967771340644
967780459323
967780020021
967782845608
967778845415
967772250805
967781026996
967777616345
967778669241
967772899428
967773271203
967776374135
967782283676
967776390487
967784480512
967784935076
967771367938
967780722257
967783236053
967780852004
967781197139
967778670271
967784962327
967783701164
967784006863
967772131851
967783726197
967771551426
967771753874
967771044647
967774304605
967775222670
967778322523
967779473251
967771690065
967783975166
967781692986
967776320584
967780983498
967775114703
967770722756
967777729522
967774451638
967774850402
967780496437
967776672578
967775646577
967771581740
967775389380
967775285171
967775333175
967779265519
967784679333
967770106871
967776422738
967778969697
967779925734
967774778435
967784765720
967784156405
967771924881
967779957777
967770349667
967781386301
967771028897
967775960606
967778940872
967783546775
967777415344
967785632159
967771501993
967776224393
967779075742
967777111154
967775944741
967777503354
967773060084
967781306735
967777871011
967780651797
967770232126
967779101539
967783082871
967780929355
967771994171
967782047152
967778927559
967782167675
967770160719
967776959460
967779517762
967773022309
967776193290
967773686028
967771320517
967782532297
967784966119
967771026820
967783697614
967774692184
967775083242
967774244188
967772853974
967784571593
967774159587
967783672488
967775339361
967775038708
967783065806
967780872083
967775644714
967779911036
967771093144
967781370736
967784547819
967780053138
967774534446
967774513124
967774096245
967774767571
967771338185
967782758419
967781308854
967773322683
967776504542
967781130477
967779988663
967782126044
967777060703
967780319325
967772018096
967772813767
967781426968
967778904886
967774639435
967779036899
967782736439
967781839764
967774544965
967774210972
967775892026
967780696001
967770747825
967785561215
967773110566
967776472778
967781309820
967783608643
967770762221
967776288212
967775913926
967776104470
967776839496
967779356258
967770886436
967781229123
967777517050
967781068703
967783871577
967784599251
967774682721
967784838131
967777433595
967779722074
967783343242
967773038091
967773944967
967771398621
967778512755
967779566540
967779928930
967781768406
967776145369
967784092208
967781293859
967773494887
967782851645
967783878832
967785009948
967783002759
967784652357
967772771586
967780789068
967775036530
967777700850
967784473250
967782359958
967778317874
967778160456
967779099545
967781512896
967778464417
967778609850
967773281464
967776930985
967780722711
967770007830
967781347870
967780381749
967774092451
967781112043
967776217810
967780006900
967780478076
967773713738
967773973290
967778020098
967772016683
967773343043
967779754759
967777828767
967780686381
967776570941
967785561005
967771542722
967775571252
967779830846
967784727911
967783144145
967770673045
967784663851
967776397733
967779142663
967770753759
967777155027
967782217777
967781356397
967771334065
967778230153
967774141229
967771751427
967773231376
967781809231
967781396856
967774208462
967783409206
967777514575
967782736202
967777190200
967778128152
967774679847
967776338861
967773266555
967779085075
967772452414
967781241900
967773534179
967783196440
967775231906
967775155581
967774428960
967782329193
967774452626
967773661653
967775493006
967782701597
967782566150
967774787619
967771829918
967780144989
967781303380
967779623087
967773044927
967770643616
967782701448
967783616171
967783425578
967770304281
967774695676
967778854247
967771830682
967781858647
967774139575
967776677131
967771272766
967771041574
967777266992
967779648363
967777127322
967775164468
967777028946
967774989622
967774345340
967783933576
967776199999
967783696574
967776099858
967775537838
967772669618
967784718231
967782351748
967771043810
967777279482
967779229746
967773163811
967772605581
967776804452
967783363110
967781629776
967774329006
967780641187
967780802582
967779721288
967772494837
967772350875
967774046688
967774206163
967781798490
967784240348
967777002926
967779222465
967777971224
967775336377
967781000653
967771429935
967771433868
967777812336
967774600854
967775734024
967782268549
967780739628
967774352558
967778369877
967779170539
967772447939
967773941674
967783439695
967781925419
967783446833
967773865731
967779248997
967784409966
967770913855
967772331890
967770424013
967775551749
967775913057
967778349115
967780407686
967777974727
967777431829
967780527186
967771534430
967775224548
967778275904
967773587280
967771959995
967774265156
967781068538
967770321617
967782845844
967786612307
967782548469
967775679748
967772292841
967783741407
967774128523
967777468051
967771509872
967777403843
967780141718
967772976323
967786726801
967776559690
967770897490
967781968255
967777822168
967783665233
967772865592
967782968048
967783098948
967775958510
967784324628
967775903107
967779412123
967782654355
967782423830
967775062675
967784254766
967784071763
967771363692
967775396688
967770001343
967770673705
967784102891
967782143269
967775626107
967782033115
967773838966
967782297630
967776339993
967783207022
967783893077
967774374138
967781700131
967775662630
967784951825
967776707769
967779460293
967780362580
967784971854
967781373242
967780984487
967778540211
967777220482
967777554174
967777412535
967773031345
967783725046
967773261735
967772331437
967778429241
967777326295
967773743182
967775604858
967773172388
967774691581
967777809510
967772095760
967771308166
967775099025
967781148921
967770768810
967771220967
967783667675
967773254718
967779026933
967784572196
967780698934
967775538897
967773429367
967782822643
967782194920
967780371237
967783980009
967784071475
967780089774
967781157370
967775044671
967773024861
967784616439
967780216055
967782202903
967779921029
967780196929
967779413912
967780220944
967773647770
967771282405
967775177689
967771320326
967779469861
967781784979
967772603553
967786581415
967771394067
967780498347
967770613381
967771858605
967775401372
967774637296
967778933734
967783893182
967781025832
967783621017
967772637791
967775740486
967782488079
967778251401
967772949781
967783255228
967777452340
967780534218
967772250687
967776526070
967782365963
967779951846
967772428683
967784821801
967775035986
967781984247
967774893527
967782239345
967784678832
967773619553
967771997788
967784610362
967779583094
967784768255
967779407252
967773121618
967784706301
967783322888
967778250900
967774383184
967777365927
967773560805
967780259563
967780790653
967782178234
967781894758
967780439063
967787856851
967771985831
967771509136
967782603558
967779180485
967783759700
967782302122
967784466935
967781872092
967778759916
967772580848
967771046061
967771490577
967789875642
967773796316
967773384447
967774662962
967776909420
967782058889
967773394662
967781982308
967783058182
967776437528
967770387963
967771197606
967777385627
967783332231
967777194725
967772789135
967778200891
967776974822
967772628916
967775862047
967771776222
967778828693
967772892771
967773226437
967771770260
967788383153
967783344711
967781996509
967779329652
967773089373
967781427779
967783813187
967771139294
967777435764
967776640013
967777220701
967775755414
967781797311
967781136816
967772660595
967778210403
967776583411
967782795583
967780119628
967777297474
967774890228
967776523240
967776151663
967771028044
967782399685
967770809524
967780588354
967781574550
967774185436
967779063402
967777193500
967788514055
967773800223
967778241142
967777398186
967770946863
967772883473
967777420864
967774796562
967780938314
967770706785
967778400496
967770781964
967774118914
967772129564
967770638254
967781512160
967781434623
967778510814
967771286444
967781860878
967772724028
967780312019
967771016856
967773573802
967774645990
967781294850
967770712355
967781065624
967772275044
967773034992
967774239748
967777926540
967783247484
967777990541
967770920001
967783934470
967780838446
967775903571
967780245626
967778605567
967777657693
967771385582
967774418646
967779261410
967770957992
967774602552
967773794628
967772605938
967778051334
967782014811
967781834852
967777694807
967773391852
967772736608
967772168136
967782776682
967775452997
967771913096
967773294839
967771297440
967772777586
967779693616
967771281934
967783120549
967776269348
967776910815
967783635416
967784530085
967782552856
967779200189
967784607451
967772832320
967782532987
967771407559
967782320634
967774120248
967782186595
967770839000
967776793391
967782557407
967771144085
967771447646
967785083714
967782468237
967781068016
967780716805
967773053033
967771710630
967777075059
967780677333
967777659581
967784979057
967773042734
967781008816
967781860431
967772883431
967771890687
967773379943
967782228207
967784348303
967783627804
967775992004
967781199835
967773439818
967775719047
967784210779
967775929279
967780857561
967774877064
967771527607
967784569071
967779694697
967771217494
967788227043
967771638668
967780472744
967776865537
967777402951
967779730224
967778009514
967781501733
967774069373
967770508846
967784680386
967779095135
967775834105
967781921262
967776643472
967770377798
967782242848
967781745457
967775872409
967783349146
967783836045
967781932106
967777874837
967781036720
967773114216
967778881120
967779709120
967773227613
967782769934
967777971229
967776700532
967779413270
967781399069
967777780169
967775890118
967782866941
967771599522
967775121655
967776429460
967782730690
967782333653
967779439891
967774780462
967778928251
967773104708
967782142513
967774116300
967784343246
967782020768
967773576638
967780448117
967775786956
967770446883
967781861667
967776177348
967782045686
967773133571
967773433646
967778996271
967780080614
967775173141
967777599424
967774582303
967770560533
967776389382
967781472562
967779645882
967771747059
967779099720
967780410698
967779572759
967772082442
967782361211
967782344720
967771158955
967772975033
967776113600
967770481369
967776016951
967781246992
967771491287
967772313902
967789888285
967772412108
967784749231
967770902958
967774292045
967779229112
967771956686
967776786229
967779497474
967781329377
967770812610
967776548181
967784008144
967782395159
967782145592
967776932057
967773638375
967784380887
967774518851
967784109255
967784179461
967779007874
967784365855
967782557566
967770273565
967779816763
967777333787
967770343289
967777208400
967779434159
967776658080
967770305638
967783788019
967774741539
967777451954
967781063016
967775481751
967778950380
967777691333
967778184089
967777656076
967779763269
967772715109
967784211723
967784659456
967781550682
967776751215
967785786722
967785046736
967780966914
967772288859
967779225959
967773917994
967782523992
967779504715
967777333206
967778836919
967772399137
967783181763
967772198948
967770465137
967779112722
967782747948
967775539506
967781666859
967779859201
967770791785
967781439075
967774088190
967770632128
967771714076
967776163007
967770315979
967772379439
967777520016
967781983269
967772870863
967774127981
967781147133
967773580717
967781943109
967772751711
967784682161
967777614515
967773161984
967782918337
967776251917
967771375606
967781548573
967778823882
967781187398
967784579315
967785082004
967777925147
967776809803
967772717648
967774843352
967772630937
967772529407
967785242540
967778105813
967777779432
967780880394
967770936211
967775173159
967771053295
967772027206
967781044723
967780875315
967783503481
967779146253
967776658739
967773171575
967775932152
967781439983
967786108067
967771533921
967773153780
967780287281
967770979105
967787082253
967771198538
967781760852
967782312377
967778097448
967782307384
967783136456
967782543243
967775324845
967777475117
967776899102
967773139303
967776494897
967780394364
967772665593
967771212876
967780643277
967783304162
967775980427
967775880118
967787140471
967774376786
967779321939
967778502547
967771416462
967779009781
967778308721
967773649224
967783600236
967774386410
967773157972
967776334416
967776013309
967775015967
967779196139
967784656202
967777925109
967777254834
967781378111
967784823546
967771873840
967778909857
967781459408
967775016492
967774831450
967773317526
967772736410
967776446472
967770630837
967779081386
967778583625
967770875782
967771253383
967770191034
967777587487
967781228836
967778429131
967772196915
967771856814
967786280064
967774725046
967773973076
967776958953
967773351966
967777562824
967774924985
967777548748
967784466954
967770413020
967772729955
967782743905
967784445374
967776629858
967770416242
967783368708
967783472072
967776941751
967777847523
967772275640
967784247172
967773092717
967778327545
967784240997
967785004268
967784939472
967782488410
967778359782
967777937824
967773895778
967784857044
967785068911
967780535445
967784134217
967775921161
967782407054
967770049723
967782757881
967779680067
967783915871
967771053433
967777572468
967773471758
967775789698
967783946149
967777496630
967782110940
967780096939
967772324497
967784144068
967780813513
967772615489
967772443293
967780576371
967773471025
967772901582
967776081598
967780601288
967771216452
967780618005
967776692101
967779849135
967781399336
967771860075
967783600919
967783582297
967775066423
967777724459
967777074462
967782737259
967776207874
967774043641
967784589360
967782883225
967784319401
967784037345
967771882701
967784998174
967776236306
967781863931
967783575650
967784411149
967773311469
967782160693
967771756841
967774520942
967780832152
967783223613
967783793757
967784253482
967774769640
967774456959
967781039133
967780215461
967781072085
967772570973
967772119054
967778153534
967772159176
967781866589
967779696838
967782633782
967772499233
967782448260
967783763613
967774299652
967789824579
967773458207
967782755744
967784953853
967770661059
967775747704
967774492530
967778959662
967773810863
967783333676
967781172413
967782450073
967770999696
967776923593
967775570802
967781882141
967771598364
967781859137
967782103099
967773628556
967774200596
967776534223
967779351602
967779253043
967773777049
967773900625
967781405482
967771124702
967780330095
967784978797
967778247161
967783832071
967782711583
967771864983
967775014392
967777063038
967776023794
967777144839
967777711808
967783436172
967773600635
967773000474
967770016612
967778255875
967776407720
967773568662
967771734037
967782358300
967777840927
967777591328
967775969573
967771870637
967778396994
967777393334
967773523007
967778517669
967771166970
967781930931
967780290478
967782457521
967775853525
967773199188
967775471347
967776154103
967779846567
967781460731
967777576652
967784032199
967774371195
967770487799
967772898266
967775943386
967783552475
967780269724
967779433928
967781390174
967772294516
967773770109
967774097915
967773643855
967781516951
967770737547
967771216242
967773818752
967782234901
967783003650
967777289768
967771462503
967770895348
967771466418
967771058133
967782798660
967771409777
967778367426
967780694919
967774724935
967775600355
967779461882
967776361014
967780758550
967783564691
967771725803
967782891994
967771120610
967781456944
967778864410
967784637456
967777897006
967784413495
967776192985
967787085946
967773549540
967776824580
967770487087
967775311483
967780423028
967774752485
967781564549
967770867069
967782017264
967778825872
967782673911
967776152620
967782894031
967779860335
967777031483
967774674272
967770352301
967781822625
967779766858
967782958363
967773587500
967781098224
967783554302
967770341005
967772439182
967782903482
967777771066
967783567331
967781300328
967780985617
967788869459
967779728651
967775075109
967774833214
967776341923
967773119575
967771574270
967780651856
967779748436
967780839669
967780957614
967774704617
967782762386
967781887345
967773307686
967784491597
967775544168
967781557756
967777803210
967774336184
967771826763
967783007135
967773238974
967783816950
967781275950
967773345315
967775410366
967775778624
967774024456
967777282423
967771721698
967772215864
967780815905
967774737806
967780464099
967781910614
967772258646
967780371815
967771049366
967776864125
967771232364
967781446946
967773338144
967777182589
967774786685
967770424149
967778161212
967770657374
967783191098
967774786033
967782784170
967771845995
967778770521
967770948326
967773750831
967773689456
967789883756
967773881100
967789358307
967776493397
967784763494
967781167011
967782924516
967777094411
967780564528
967770883521
967771611579
967782861727
967784799047
967778817541
967773781531
967777503518
967783918427
967775173315
967784068611
967776609501
967773164787
967772575242
967771933794
967781088440
967783310774
967782947804
967784408962
967780190020
967782952069
967783534059
967783505379
967783890953
967776559529
967782455157
967773881054
967775223577
967778113932
967772190974
967775897550
967778966641
967773651926
967779870094
967775382351
967775383824
967774446317
967774598096
967778515717
967772519805
967771394803
967780627716
967772121277
967780471113
967773609061
967783452385
967776411165
967773095982
967771539734
967770758859
967783395273
967778395326
967773385081
967770877991
967780125356
967783205041
967770276653
967774328534
967779468223
967774632147
967784139063
967778459859
967771988615
967784456901
967784702396
967780817140
967780755735
967781831039
967770638635
967774618277
967782753726
967775030344
967771746268
967781648252
967770434814
967770747955
967773306699
967777717762
967777556072
967777570712
967782755045
967770687101
967781133241
967773377605
967784572849
967777055019
967778435549
967774758205
967779827125
967774121323
967783012748
967784840599
967778658631
967774747734
967771841630
967774745126
967772790075
967774700486
967783407011
967779924011
967774661134
967775326127
967785026832
967780781820
967770784577
967777671440
967782748294
967772067218
967776093604
967771677792
967783079030
967780587930
967772879440
967776321938
967783924580
967773505826
967774859318
967784091158
967775259027
967783521687
967782400467
967774687578
967773515313
967783879362
967784138879
967780017182
967777447955
967774972230
967783832892
967783974024
967778792477
967774142053
967779949678
967782955430
967772342187
967773712525
967780007039
967774838956
967781087109
967777348467
967784423484
967786415783
967776626897
967784222532
967784170752
967784050823
967771571952
967770730322
967776116884
967771133847
967780071154
967776128815
967774198654
967776339722
967782116349
967778307943
967771113415
967774686033
967783302372
967779157830
967774260493
967772623259
967773997620
967779957450
967773885819
967779872939
967775979817
967784126212
967779204768
967774984037
967774468651
967777980439
967771483630
967779108195
967774944816
967770334981
967773916294
967772440023
967777474314
967777330122
967782589740
967783937018
967770236752
967770243516
967779445553
967775691519
967784616544
967783011052
967775023041
967775132192
967781091792
967777785352
967770940877
967771544597
967772299871
967771085670
967782126416
967781659647
967781851443
967779604139
967771244897
967773164555
967784328139
967783848398
967783312964
967778035447
967780977674
967771787814
967770019559
967778293829
967774201119
967778287414
967778238412
967779887737
967781415116
967773322507
967776702517
967771112457
967784814414
967776215364
967770889710
967780579213
967785800001
967783384266
967780439628
967782877056
967771093055
967784485146
967781331496
967777714311
967776892478
967778514102
967772517889
967771754363
967784702577
967781225277
967775198078
967770896383
967779638119
967779782628
967780380944
967784181008
967771096568
967775127938
967778301506
967780455175
967782975099
967784689048
967770522200
967780246320
967770530387
967782774135
967782485624
967776826031
967772038823
967779827386
967783305848
967775065243
967771782686
967784095988
967779109099
967779033131
967784593612
967772773006
967771555573
967784165577
967782997987
967775749031
967780467315
967771006223
967778465586
967784433850
967778961561
967776721966
967774538019
967780142155
967772051612
967781836940
967770922093
967775647771
967784719202
967778028631
967777124670
967781991960
967781559802
967782111557
967781607647
967772823550
967770733068
967781277996
967773542086
967773307128
967783931244
967771582533
967784956127
967778976326
967773622321
967778145852
967783055154
967784369903
967782104102
967775609881
967782099705
967776513904
967781113356
967777856536
967783202658
967779187242
967776830667
967779791596
967774283229
967780894489
967784649874
967776296946
967780235503
967770855737
967784421133
967776179663
967774074607
967777745134
967780932364
967771827982
967783580910
967784200315
967779555913
967780953250
967776679831
967779018405
967778207287
967770201131
967774154038
967770246218
967783597600
967780030293
967774842313
967773994913
967778887997
967772372396
967783703323
967779272306
967784613419
967772568747
967771565480
967776526871
967781122755
967780011456
967774437546
967773291953
967784559950
967780893707
967770860030
967779616675
967779953804
967781535636
967779640562
967776404869
967772751974
967774586245
967782235027
967775458233
967779564883
967770272627
967777126619
967783463377
967782363752
967775594443
967784127029
967781581497
967773744858
967771727860
967773126691
967776409488
967779908311
967777252453
967781899849
967784741251
967784706342
967774219713
967771488805
967775053617
967786992231
967772025675
967776571534
967774035732
967773566021
967777161457
967781117370
967774368865
967779086001
967773579509
967785012849
967783814738
967782263126
967770523253
967783986094
967782560137
967782117958
967785021968
967782544455
967770218567
967770655825
967780531923
967780134097
967779070763
967783849956
967773070439
967780276208
967783991271
967773324178
967783548805
967784369466
967777422705
967771349944
967781394833
967774955859
967782139965
967783091582
967780787650
967772642270
967777225387
967781930805
967771330207
967771295706
967776369365
967779440626
967773481310
967770211891
967778247125
967779465796
967781669442
967775132770
967777647967
967778915838
967780693588
967774043569
967775739000
967773822544
967780066396
967776110420
967775783773
967782097016
967778033199
967789317454
967778173945
967772333292
967789797201
967775285894
967780003064
967780052693
967772425575
967782229617
967783311189
967782196855
967771101291
967781663870
967770938301
967781068366
967781315400
967775897773
967771102047
967781350005
967781341341
967780033431
967777581232
967776044267
967784587218
967776138398
967781058927
967782535952
967773084525
967774891630
967781647785
967776215269
967775452646
967770733120
967770711403
967772093766
967781669139
967776305113
967770453904
967774837232
967774700333
967784295723
967780954937
967773634453
967778054854
967773700058
967783625790
967779610521
967771453997
967781417702
967773211514
967779217035
967778340594
967774744506
967782022870
967779878996
967784232644
967779574598
967771782874
967775309687
967778143235
967771580283
967778074628
967780352602
967777378125
967782689705
967775649218
967778292993
967781113362
967773452220
967784238646
967779981162
967785042135
967776395201
967783604034
967776252494
967780663653
967784942121
967772776972
967774517942
967781995654
967783255229
967781142053
967779606007
967780044920
967774858663
967775234244
967771949034
967772163626
967776999180
967776628284
967776995124
967783840093
967771682875
967780659231
967780868252
967777089075
967784361931
967775312008
967773104559
967783585638
967783349870
967783103528
967783949363
967772108452
967770440757
967781804629
967781096438
967776926853
967771938133
967773056693
967781822542
967784478499
967771086884
967780955656
967784351418
967773290694
967776114951
967776053964
967780517907
967785000573
967780750712
967779196136
967770934893
967774380001
967784420373
967770597188
967777478209
967777492687
967783567050
967774138997
967775850826
967772580145
967772252798
967780987407
967773033628
967784263114
967773455887
967773901634
967779776618
967773566338
967774711232
967772035229
967779253033
967784226378
967782888236
967775218429
967776367184
967779066874
967777154618
967776722982
967779073009
967777222333
967771122491
967781561276
967784495436
967777149422
967778899374
967784006480
967775853187
967782507869
967773947094
967784605680
967778528376
967783795164
967784550689
967772517847
967782529587
967778097901
967772312648
967780239431
967775396420
967780322104
967771232877
967772434765
967771626292
967770452816
967780007079
967779469331
967780006247
967776878084
967784402320
967784604555
967774496148
967774442385
967773072790
967778478864
967775211020
967770970404
967773743935
967772359379
967776087143
967784297942
967772826113
967778969802
967781779064
967777440638
967775142270
967778173771
967780295645
967782234556
967784661884
967780396275
967776183992
967779992607
967773256245
967773840358
967771217295
967783984418
967775478778
967771330599
967774628518
967776371591
967783394442
967776936494
967777986304
967781392386
967782182752
967783217915
967782929044
967771618087
967776572437
967775194254
967783219611
967780974370
967774966329
967778949677
967777263993
967777806131
967778217714
967770711508
967784324550
967782668907
967771704494
967781101799
967770161562
967774433609
967775202106
967782515550
967776566321
967773862831
967780477029
967780236102
967784298300
967782408968
967780577458
967782390693
967781738784
967774774930
967779327405
967772758583
967781536185
967782995949
967787170556
967771828915
967780148110
967772324066
967782342762
967774196415
967778597978
967774521309
967776716547
967775278524
967783506810
967779670332
967786754876
967789889715
967771351463
967774537353
967778276155
967774803403
967772410551
967785832505
967783408458
967780931605
967783718230
967781739231
967781419800
967784562610
967785080383
967778389944
967777970293
967772027127
967778385168
967780118557
967778854014
967770395571
967777856484
967782908207
967772799641
967782319886
967775994465
967778896805
967777438890
967772883544
967771497899
967784181647
967782148994
967773967891
967776999509
967771717944
967772495382
967773048994
967782531119
967778800845
967774955041
967777664405
967770785026
967778962769
967780758251
967778553461
967780209804
967773712498
967784276208
967770311440
967782366331
967771301957
967779313926
967774738447
967772355487
967785690114
967779203501
967775346329
967773291902
967774224551
967777904701
967770334234
967771629533
967783067554
967773941079
967775851914
967770981269
967778171055
967789919696
967776184269
967779027693
967772786187
967772932319
967773847549
967784089736
967770416171
967780645726
967777660207
967783010251
967776784738
967780316348
967777800618
967772508449
967783801802
967784784525
967776558302
967779991497
967779957144
967781212584
967782322289
967772297078
967773065217
967777429437
967783150970
967777333788
967776443196
967782772777
967777858546
967781924551
967770320790
967780352742
967783976547
967789184207
967775170433
967777822018
967774674672
967780070362
967779428696
967784756783
967779747511
967771333818
967771070639
967776790177
967770110726
967772476748
967779798839
967782540131
967783386895
967782643288
967780108887
967776363783
967782202634
967770932676
967775866925
967783578689
967778932113
967772162356
967783976427
967772555433
967782076914
967781571023
967782523765
967779122711
967775699729
967780793684
967772746445
967783477345
967784523974
967776002757
967780186625
967770867481
967780274649
967784758896
967781067224
967770448947
967778471483
967775772440
967776227153
967779801312
967775725788
967789878584
967782575199
967782324577
967775245068
967779612525
967774305960
967778490816
967777515311
967782768339
967772650800
967782313614
967778999633
967782292376
967773625370
967778065820
967784121226
967773931377
967773778408
967783781059
967777081142
967771310884
967776400409
967781286023
967771459666
967773686985
967782823814
967783506192
967779047923
967773454814
967774532488
967783810122
967776081845
967770161153
967788900637
967778553907
967777409269
967784122461
967773389840
967771769649
967778561646
967780637089
967775938421
967775650226
967770823217
967774354889
967773953336
967778291976
967781245897
967783236298
967774599130
967774400729
967778983570
967771540116
967779448285
967777544561
967770651777
967774090931
967779148021
967779510656
967773419432
967783557412
967778956951
967780847170
967783749458
967771844763
967774903629
967775374728
967780191919
967770433898
967781038001
967770949992
967777435488
967775578153
967782915620
967774595200
967775042573
967771444386
967772623558
967775778401
967772856964
967774822037
967775402209
967784054836
967773137552
967776326908
967774566318
967773801144
967779671606
967775002886
967780255999
967784105757
967784504577
967784616801
967772189423
967787195108
967779465863
967773295831
967781820209
967773977849
967771849466
967784229954
967788788207
967777430905
967775446699
967781986107
967781405394
967776665764
967781438074
967771179612
967771023711
967783791920
967783670307
967770796486
967789818879
967779207204
967782442830
967780729948
967773619860
967772874643
967778770844
967783505903
967781904632
967770033943
967774317623
967786412815
967770803876
967776314869
967770522507
967782738583
967774061695
967771571478
967783585442
967783801281
967783411126
967776183958
967772287556
967772504211
967782732630
967776040960
967777676394
967773733794
967776898260
967776504607
967781787704
967771472814
967770283386
967781930950
967783291733
967780553815
967785045352
967787195922
967773188577
967784055597
967779193273
967779480773
967779137906
967774348004
967775180964
967770985820
967782297387
967777676136
967777341089
967770217488
967778866669
967774046590
967772309314
967783701805
967774297616
967772898412
967774986006
967784655951
967773204107
967777356979
967774607270
967777391200
967775712105
967783967889
967774125911
967774587563
967776325538
967780502001
967781393924
967776047548
967771674166
967780957713
967772588356
967776269452
967777089666
967772232510
967778082734
967777012461
967778476910
967777918683
967783763128
967783129942
967776004686
967782628819
967774297251
967770312147
967783679215
967770616115
967778208195
967779980845
967771397904
967780854845
967770432750
967780639738
967778675477
967775031085
967775297091
967772940302
967777647150
967784591421
967770249277
967772023507
967780000136
967776422074
967782679658
967775325926
967786212582
967784611814
967777839368
967774078494
967783752577
967774319651
967774793377
967783468739
967781667498
967770289641
967775292009
967778624611
967775259840
967783865030
967779068059
967789946102
967771513706
967779091946
967770658857
967784640517
967779476803
967774495377
967776403797
967772877042
967778441568
967783839020
967779128352
967774283461
967776008523
967785022037
967774077174
967775682101
967777953950
967774958760
967783563117
967781913633
967777583413
967774998020
967782425809
967776209544
967780328740
967770367580
967776775637
967778345376
967776343116
967784291752
967783018797
967772360733
967782500611
967780119427
967777744072
967784810058
967784168576
967770459139
967781373909
967783364854
967770986178
967778274112
967781060541
967774308293
967774162418
967774846799
967773677849
967770697834
967780140083
967771579490
967778355457
967780734678
967771086174
967772317599
967772218093
967775825441
967774128187
967772131776
967770882750
967777665561
967771816248
967784928479
967772976356
967784161471
967789902052
967773420405
967777802584
967771671709
967773435063
967782104978
967775349498
967773151258
967775539057
967783992038
967783152025
967774195441
967775411856
967779107131
967777232290
967779961748
967783671590
967776221535
967781460964
967784353120
967772432584
967772549758
967777670256
967770586834
967784582273
967780849617
967776492054
967783709194
967782719289
967772115060
967780544823
967779050467
967775298857
967773614799
967783370141
967774819148
967773696645
967782456211
967776092906
967778905801
967772090703
967775259109
967785854108
967785028703
967782345670
967785025314
967779988614
967783818548
967784755359
967771045965
967782960213
967783672876
967773067263
967781358663
967775226685
967770357907
967775082216
967783035459
967774186225
967780167347
967772469066
967772018256
967779084736
967776927882
967773699181
967772936874
967784722458
967781173362
967781644688
967772036744
967772338550
967781186142
967783865330
967778954775
967779815832
967781166604
967772069222
967777091779
967775901166
967773955543
967777234087
967776776967
967773880581
967775050017
967776085958
967770418143
967772348364
967781962477
967781385213
967784448957
967777294636
967780067058
967784826672
967770660403
967775235355
967774834994
967783192829
967781345342
967776754640
967774874601
967781062879
967778943612
967773600129
967781266703
967779852674
967787085855
967774241993
967780656339
967779076009
967782282460
967774674812
967783962075
967787042703
967774449222
967783264121
967773145435
967775395804
967783954568
967781447358
967784695508
967787086243
967773935361
967780523532
967770162757
967780583208
967770660418
967784060180
967770396395
967776866309
967780692076
967779355775
967782865947
967771827719
967776800183
967784204718
967770554789
967771080301
967775489909
967771700507
967784573988
967784126905
967778159489
967771201692
967774189192
967782974317
967784586161
967776073026
967770959979
967781153880
967770032997
967780037363
967774564772
967775671665
967773817539
967782358725
967786337859
967775315125
967782619575
967779964609
967774072548
967779691458
967771385020
967771983150
967783607368
967788290985
967783830065
967771502448
967772721010
967773853607
967779868205
967782673538
967789691147
967778711697
967780849795
967774307370
967770083524
967783861303
967770430968
967779804026
967784264970
967770245208
967778927274
967770082082
967770774774
967783815835
967777065417
967784962302
967782058221
967784939495
967770194891
967783083473
967782197308
967777847531
967774198340
967771079395
967776475407
967781149617
967779470400
967780796875
967770121186
967782393094
967785426970
967780123828
967775222998
967771077434
967772988225
967770406026
967778879774
967771508086
967776677126
967777399129
967784377874
967776546917
967780635020
967770651962
967772729560
967781106726
967784537640
967782426460
967773904018
967776473417
967770431014
967776748240
967777559298
967770417282
967781534242
967770889136
967780372941
967771004782
967780123525
967771925198
967782800485
967776251744
967780528226
967781422693
967770265843
967778113631
967779256418
967782282383
967773005221
967781131949
967777581639
967783817241
967773039025
967779710784
967778427140
967783026820
967780937083
967784376462
967776011696
967776227108
967773923157
967781093321
967770739999
967782706930
967775027743
967781951736
967783831107
967774161781
967776526650
967773706190
967781753729
967775490544
967789889464
967783959159
967782420542
967777603294
967772514456
967775670161
967770669800
967784797295
967785438820
967776574594
967773529575
967782855432
967778680780
967778410313
967778956293
967772157451
967784022890
967776672406
967770223799
967771217138
967771596829
967770839236
967773424594
967777122624
967777785793
967770607884
967781949086
967783244257
967770750861
967781895813
967775873112
967784834633
967782447052
967776144630
967780526817
967774336026
967782566681
967784016021
967772981427
967774326229
967783233809
967774059746
967773950432
967783859986
967775918841
967774845992
967783850875
967789737289
967781208091
967776418225
967784313259
967782790899
967779268862
967781251135
967779590932
967777131287
967781282924
967775702280
967775439850
967770972274
967779807827
967776329531
967771532936
967776712686
967777575824
967776648118
967770835077
967770272874
967783804077
967776057352
967782053742
967781767725
967771008341
967784218323
967775896721
967776574423
967771194524
967774776531
967780907994
967770595730
967779785213
967779512057
967784162928
967777546522
967777201980
967771646482
967776131916
967773849996
967783093578
967782808067
967779422225
967777775717
967781514250
967777956464
967781575803
967781273878
967776484083
967770606591
967783303333
967780163318
967776931678
967784040481
967779034263
967775691136
967781056388
967770991805
967789871768
967776866536
967774129797
967771974422
967771981276
967775602369
967779316680
967780782556
967782720161
967778383523
967772935818
967774079655
967777465076
967780419766
967775849028
967773856530
967778157326
967779125444
967774504937
967782865439
967774776528
967774295355
967784280872
967773361707
967782952633
967789894239
967784793362
967784066163
967770837599
967774511709
967774607820
967774171264
967779997373
967773566309
967771643146
967774870005
967770525999
967783933812
967781129000
967781711600
967782832658
967771723562
967782578000
967784853018
967783428436
967771055043
967784240694
967782019493
967783555052
967776845274
967776878411
967779238075
967778813482
967773568681
967775514229
967782493664
967773565114
967779967640
967782323227
967775067842
967784779319
967784612631
967782427574
967785082017
967779987291
967777891375
967777560540
967777611012
967785034738
967776509465
967772012508
967771583212
967772826525
967776124913
967774564172
967776953113
967778851263
967775338799
967773725623
967782138874
967779046286
967783199644
967778452544
967786489513
967771403336
967782807994
967776755005
967783873548
967775640002
967787508033
967783274526
967782513837
967770518265
967774647834
967777799510
967778523479
967783523274
967773206028
967778938349
967771408955
967779002059
967776056729
967772829124
967776549761
967779927564
967778314293
967783935726
967783484874
967770790916
967773530795
967772024728
967779936199
967777383572
967776968597
967785152802
967772918501
967775612254
967775926199
967781831566
967774110235
967783869147
967775969253
967773299055
967782311936
967783918163
967772559070
967777817425
967784794121
967783663960
967772558078
967772378565
967783669193
967787799442
967770258937
967779152430
967785438901
967770013395
967773941858
967770195220
967773123841
967780915915
967780362226
967772535884
967780668286
967775303919
967777499485
967782463916
967784532205
967772748299
967778306609
967784200791
967782194665
967777043217
967789886085
967771640389
967775358877
967770218736
967779651802
967775472106
967778047655
967770377661
967772487389
967782669612
967782818533
967773369554
967779510054
967784784342
967776800316
967778209350
967771985067
967782239364
967772402239
967781250376
967780683303
967784396365
967776223284
967784294788
967774504616
967780018154
967782614817
967782750014
967779174653
967771024615
967771066201
967779636907
967775872988
967779408829
967784346001
967776007379
967776090941
967770637687
967777135423
967770395069
967785051091
967783205234
967781623741
967784212154
967777470015
967781859571
967773006943
967784606591
967771048904
967783711158
967780992923
967783630145
967783761701
967779793024
967772285956
967781508989
967777532984
967789465507
967784360431
967783416958
967777284324
967775520844
967776943427
967782917344
967778075665
967770750927
967775148158
967782847287
967784210849
967775236299
967781457333
967770726891
967777290276
967772791111
967774157049
967775116955
967781797540
967780962487
967773704943
967777754094
967775376043
967772917011
967776470090
967787042214
967782292050
967777423348
967784135308
967774027089
967775933588
967782495994
967782141330
967774071749
967779982065
967781393153
967787843596
967780154995
967779877090
967774515963
967779048497
967770275367
967776380286
967773287710
967789296183
967774116201
967772971596
967770684889
967783604963
967773327096
967779685096
967780691134
967775682413
967776862703
967772470629
967782644232
967784685779
967773621269
967779530115
967783092590
967774339049
967771746570
967784937022
967774148115
967780965397
967770661589
967774290457
967779335274
967774440852
967782756618
967775266180
967773654453
967770023477
967775782348
967783094955
967784593307
967779376980
967781259081
967770133223
967772265199
967774015062
967778357809
967770527373
967773533680
967782760187
967782961096
967781952533
967774712609
967770204613
967778988889
967777905706
967780461348
967783471030
967781690570
967781642366
967776616204
967770885403
967775523187
967772608511
967778128195
967783214835
967783766168
967775276779
967782305504
967780356480
967782801813
967784259308
967781354272
967779128431
967781461566
967773001425
967781909768
967774097479
967775694350
967772787349
967776421234
967772156269
967784826883
967776321469
967771836263
967774188328
967779394330
967777960811
967774204798
967780859773
967776102579
967779391849
967773295517
967783461449
967783443275
967779740289
967782011306
967776456185
967775954551
967778574025
967781329136
967770362424
967782031197
967772137420
967773212419
967784853524
967770813025
967786682123
967786414439
967778496347
967770061355
967778211740
967772392408
967777526713
967789899144
967775187547
967781957821
967771968127
967779311971
967773540741
967783809988
967781579910
967772871488
967777869422
967773621641
967785031493
967779143743
967778255503
967789870337
967784671784
967778587504
967776985009
967778108962
967776534696
967777016688
967780967414
967773443710
967777203324
967776821262
967778836992
967780229477
967777637045
967772774635
967783145507
967775836248
967778801027
967779083868
967784548804
967775335043
967784212068
967774500817
967775482457
967774741695
967783486248
967777159227
967774748320
967782272428
967771259141
967771774378
967781473506
967784652277
967786442498
967778499873
967783422013
967770941576
967774023691
967779978429
967781804332
967776708370
967776258388
967774216305
967778631658
967777559533
967786568136
967783363359
967780692971
967779078212
967775772015
967777862847
967780487493
967773874202
967771957071
967784501122
967774481801
967775228949
967775753670
967789327358
967788898145
967780682044
967781311639
967783281850
967772414625
967782756758
967775729371
967770031726
967782484967
967780540992
967775637442
967782086478
967780824546
967772913603
967770385131
967782895129
967783227167
967780480706
967785885344
967778556502
967772438485
967779900207
967784404027
967771192158
967774306665
967773472823
967776620347
967775088215
967774478480
967779469118
967774444572
967774398372
967781801799
967770769196
967783633767
967779147251
967775433462
967775881553
967778838541
967777435048
967783915931
967782992023
967783191319
967784890660
967777899918
967777010048
967782679768
967771527491
967778330221
967772705517
967781932494
967789877979
967772136217
967779381686
967776304591
967771383363
967783437242
967775166376
967789887592
967782117897
967783574718
967782500989
967770436867
967783254886
967777604969
967773810298
967784611248
967779443933
967782977871
967775272297
967781450334
967771451019
967781799526
967774569366
967779746038
967775738633
967770685198
967783824932
967777192673
967784926773
967773893967
967778392617
967789737846
967787791370
967771724381
967776394615
967773744192
967781097816
967770013073
967774379386
967781836647
967777369394
967778286860
967782682537
967781709977
967774718238
967779109601
967780177147
967777547172
967777155675
967773713603
967781892236
967773969101
967774494219
967781661004
967784520099
967779686883
967772806901
967776093899
967773649253
967787185506
967781478896
967783046279
967785045295
967783718266
967777998139
967782446675
967784906932
967776524383
967781999318
967772311695
967776110817
967786612575
967780114346
967784692249
967774977482
967773594752
967782167484
967781562885
967774550633
967780633791
967773815791
967780629557
967773351184
967778971109
967779197555
967779929029
967770926803
967771892129
967771284853
967779542373
967777264869
967772542595
967772681028
967777774474
967772016930
967782850990
967777773763
967780736974
967783286730
967777223231
967770362913
967778431034
967781514270
967780215628
967784452649
967778170645
967774950588
967774126629
967771831922
967771957394
967783168526
967770456543
967777119309
967770237577
967777875045
967782017373
967774287855
967780036692
967787082143
967771632762
967780965189
967779371597
967781492376
967780860590
967777772911
967775247879
967783820340
967780659815
967786558428
967780854554
967776350809
967784421388
967783818087
967776482913
967775858613
967776104625
967771230353
967775280942
967777321459
967778472157
967781204156
967779771671
967779713052
967776809464
967775475795
967776555778
967780645516
967774520567
967773548833
967772531811
967784270834
967778067145
967782825515
967772921238
967779661503
967781655219
967771049103
967779270388
967776632335
967782960837
967784774391
967778721376
967772427500
967780045713
967784547709
967782190449
967777895853
967772150355
967774385211
967778345480
967782035192
967777822799
967775936751
967775408246
967780997346
967784932371
967776156325
967777414165
967781184306
967772409067
967780223348
967781317495
967777747330
967784559613
967770003530
967777967699
967774098305
967784490072
967782913242
967781366133
967771709871
967778945250
967774959176
967781364212
967778223592
967776024944
967778045352
967771503493
967773114125
967780982522
967771166007
967781079776
967775976712
967781451471
967772862437
967772997411
967772188978
967772994046
967785077739
967770448138
967772869551
967776755031
967776825431
967782895031
967776213585
967772601221
967781159185
967789023665
967772146490
967777508058
967781901194
967776235417
967774493300
967783117427
967779784357
967774637194
967784199032
967776376625
967778326786
967777479207
967779347589
967772032703
967783251808
967772008316
967774428603
967778579883
967785032433
967778807045
967775471605
967776105210
967778503928
967781455019
967775968568
967783100198
967776390240
967771482366
967774616063
967770750534
967778615443
967776475876
967775958393
967783570826
967771453654
967773748323
967778412246
967772145022
967776710627
967771261039
967771597429
967770007587
967784789663
967784334283
967781595449
967774314678
967778292225
967789877349
967782551786
967779819191
967780482295
967781203850
967770571744
967779805942
967777597070
967778707200
967770129514
967777255959
967777685435
967771730642
967781164502
967784684205
967777528600
967781573065
967776029488
967774231013
967781435436
967784933891
967779849918
967780368417
967770215870
967782960088
967775868056
967778166493
967782190677
967772373947
967776897661
967770016174
967781212170
967783303328
967782194042
967776942893
967779314538
967774610528
967772995067
967785854781
967783758469
967781557730
967771923120
967770870013
967777783195
967783043210
967774987865
967784465713
967778168425
967779824788
967775723972
967770979882
967779124348
967776126715
967782242568
967773692458
967775248973
967775394894
967772748904
967784585096
967775705491
967770909825
967780835572
967781995455
967782144138
967776944673
967777136996
967784193174
967780808252
967787805877
967784695714
967782654300
967775353277
967778319391
967775393307
967780379249
967779823516
967770078407
967771317810
967779213072
967771945802
967777274120
967771789086
967770680712
967780534570
967782813553
967782382795
967780259892
967783479394
967780883744
967781013353
967784955973
967777979357
967777674190
967780004626
967776279656
967773933182
967773168081
967779865056
967783885417
967771575057
967777792173
967779283421
967783786956
967777980349
967776733640
967780558495
967770561279
967782144170
967772367645
967779609628
967774491419
967783302354
967781068954
967773542876
967781891977
967784798135
967777298127
967775302401
967778575609
967771154126
967776626234
967780643806
967781582320
967781390642
967783406354
967770218397
967771470149
967784710912
967770626398
967773812488
967779201180
967771785952
967770936598
967775019274
967772552294
967776690792
967783018105
967778762402
967783204881
967784990684
967775996964
967772162076
967784202330
967783619228
967774645649
967774471814
967779457478
967774985612
967780298817
967773849846
967781415333
967784065839
967779920781
967774110690
967779598097
967781450870
967778296578
967780688635
967781252172
967781843380
967782196430
967784009920
967770063798
967773444179
967784013043
967784510591
967779635452
967775241027
967774785146
967775807161
967771348015
967770675011
967777217074
967777273393
967777121827
967776978592
967774411492
967781494095
967776862238
967771163025
967772036630
967774530749
967777764456
967774988607
967772399869
967782670425
967776423044
967774512325
967780981405
967781631344
967783297842
967776651702
967783523818
967777552301
967783146823
967771935951
967783867546
967777710055
967782330063
967771713594
967774881275
967781209363
967780768646
967774259435
967775399798
967774980260
967779958189
967784530685
967774243448
967782734531
967783825020
967771800763
967776050545
967782514704
967781599569
967777355118
967777638532
967771726632
967772782895
967778298847
967772934546
967777602512
967783814565
967776097530
967776507404
967774911834
967775601860
967775524994
967772180943
967782398336
967781266077
967779215600
967770726034
967770733036
967776220115
967781708250
967773957956
967780640984
967780664714
967773899876
967774767592
967774480242
967776887786
967779311152
967776319494
967779554975
967775489835
967779882180
967783893499
967784526612
967773962665
967777333377
967783034381
967776283851
967777043299
967775497454
967789737709
967775755655
967780107601
967775968605
967774232492
967770978701
967776675227
967780015248
967779764444
967780212820
967782170204
967774699606
967779222116
967781316445
967783089348
967771777943
967782944697
967783693834
967775964466
967778123547
967770521103
967774056297
967779393550
967775975207
967776066664
967773025889
967773401788
967779896850
967772285550
967781534790
967773788988
967778257397
967779829442
967771520923
967782279998
967783650665
967787418578
967781209333
967773103955
967777000324
967781745220
967770823252
967770879936
967770977694
967777549006
967781024597
967782958400
967783294484
967772224259
967770174647
967773714440
967776397537
967784385144
967776347528
967770725120
967773534297
967782940877
967781032833
967773064900
967779111504
967778058368
967771200589
967773324709
967775622296
967784940629
967771036785
967774388298
967776288917
967783462928
967784564786
967780657674
967779924210
967783993753
967783568201
967785088795
967782245033
967778366268
967782453741
967784059757
967771408847
967781733701
967771487060
967777133735
967773170171
967779220973
967785094676
967779883261
967780524032
967773293115
967779643132
967775022543
967778851216
967781487744
967778530438
967784972808
967772006661
967773789406
967781884284
967780776487
967774382891
967775009675
967780510742
967774045249
967774512021
967783268121
967771716242
967783840989
967780074823
967781283381
967770353511
967776833256
967779022176
967784298311
967773680349
967773660547
967774096346
967778206390
967770915997
967784393592
967777180031
967777461517
967775569322
967771505311
967774947763
967771268569
967775339083
967773670861
967780859550
967779153463
967782400665
967774799244
967781210254
967777648462
967782514952
967775600198
967773349170
967778572435
967775925536
967775732960
967784347063
967776910976
967772002612
967783966628
967781866061
967784410755
967772481281
967776545148
967783644980
967773217542
967780285279
967779407207
967774186487
967771099332
967780392542
967782494718
967772844437
967776708602
967777546380
967775197357
967784208265
967778129430
967776722003
967780551225
967770218685
967783377613
967781119048
967779069512
967773221643
967777927558
967775136897
967777722886
967773016382
967776374631
967778452624
967783065022
967785346578
967784121733
967783949514
967773075809
967771395107
967778861297
967770004187
967779693773
967775443383
967783629794
967784249304
967784788215
967781850937
967776224213
967783741502
967778582776
967783479283
967782775556
967778326612
967783694754
967781374704
967779172368
967782123508
967786411413
967784885360
967782216155
967782102928
967772908695
967781744670
967781445228
967780824115
967773756471
967770178945
967780091351
967775521973
967781451151
967776699306
967773491887
967770002062
967773556398
967785071751
967777482014
967775769490
967774226891
967780491703
967776346896
967776027101
967779225368
967775732599
967778890692
967781083033
967781201026
967773200986
967782964673
967782703291
967788154836
967776595548
967784397138
967784067751
967783043225
967787084455
967784713367
967781641930
967772359810
967784852035
967788223434
967773377714
967775714442
967781193059
967778340681
967771515132
967770378576
967775596806
967778088396
967775082490
967779288110
967777618233
967773495260
967778371350
967772350931
967777879114
967777994737
967773655644
967784505785
967780832591
967780109665
967782753013
967770390811
967777301599
967773102691
967783499676
967779149782
967776499178
967776365949
967774272163
967779263745
967778389962
967781371482
967774803980
967772672324
967770886039
967779102687
967777288779
967774747491
967782353110
967781771936
967776319502
967779544001
967776810180
967776861813
967772843638
967782126663
967775283780
967777961574
967772231782
967783868058
967778210939
967779478804
967773927979
967783516216
967771870335
967772029222
967776821010
967775551482
967772575676
967782155903
967773181590
967782536043
967777147763
967784263516
967770950913
967776820139
967782071498
967776482013
967778114933
967774071517
967781454379
967774095501
967788938422
967783598125
967784657305
967783920588
967775731555
967779772616
967780969825
967777495542
967777064928
967774202097
967776406806
967778814140
967774511660
967781880650
967783135298
967772988033
967782394859
967772015356
967776931858
967784192812
967771701904
967781863983
967777418810
967778223811
967784736201
967786413190
967770257314
967777577848
967787199061
967777445878
967777605149
967776032303
967774668259
967781587433
967775662336
967772661714
967779495834
967775158161
967783767028
967778070837
967778647809
967783660484
967784955642
967784010553
967770021782
967773352951
967773189937
967782396322
967782812218
967782185364
967783780113
967771136192
967774952277
967774553331
967774167385
967778904421
967772689737
967770298618
967783689775
967779998925
967782188857
967770174645
967782310231
967777896100
967773171053
967781344539
967775162893
967778803559
967783594884
967784901823
967774718921
967775225217
967775924413
967780822732
967770708647
967779511781
967773722521
967771054307
967772521447
967780156551
967782427558
967772845182
967772205500
967774435347
967776601604
967780245484
967782898113
967771317274
967776822026
967774764741
967773141269
967775919017
967783651585
967776920184
967772768637
967781467802
967783776275
967770102282
967771853149
967777818195
967777326300
967777784238
967778140779
967783001627
967779147491
967778158135
967772199038
967780658866
967779015800
967778167390
967777981078
967782691906
967781049638
967782410443
967781231208
967775131470
967779804053
967774353096
967782313353
967776098599
967778105008
967782678514
967770017300
967773143185
967781739883
967777053888
967775909304
967770677163
967783699155
967770028921
967777527540
967779906299
967775773634
967779377448
967785097375
967777462501
967778302588
967774228394
967772758731
967777806057
967777572826
967775152982
967776301105
967782107408
967782976421
967778803064
967779981557
967774055069
967772559406
967783123671
967777333440
967771743114
967777641851
967770787321
967783237857
967778954734
967782307074
967774982874
967773140895
967776996625
967784092092
967782868954
967775026232
967781503701
967778498826
967783279391
967777645460
967770037142
967784863820
967783867770
967771598237
967770405499
967781810407
967784941394
967775686077
967771956729
967777510436
967774003431
967775807916
967772601073
967782275840
967770194640
967776927520
967783376424
967777927428
967772549707
967775843492
967776538485
967783547776
967777993063
967784529884
967784896460
967780589359
967773726688
967779109588
967781052742
967773503447
967779496452
967784210124
967779451812
967781839623
967773957145
967774438047
967784135105
967780031222
967775426545
967772565567
967775343524
967784926992
967773372377
967780342653
967784788348
967774520617
967771368009
967779107385
967770574781
967773215767
967771646442
967773717682
967780873557
967777436060
967784529721
967776063156
967782054932
967775024883
967778214738
967782324784
967774536794
967776776476
967784770337
967770893437
967770442355
967777105330
967778601887
967775552184
967783165231
967774494431
967777034613
967782315987
967777302559
967779470230
967780291864
967775199171
967776062260
967774516732
967773166768
967780914862
967780522509
967780420395
967784843300
967770188730
967779933178
967782853911
967777313170
967779611191
967775890825
967781691962
967789302281
967773080049
967770482585
967782666881
967781986147
967789219389
967776926851
967783766126
967779036671
967777213387
967772669496
967781231912
967779264190
967785129502
967773837322
967771460935
967773632702
967774508628
967783037697
967779545133
967773320199
967778446934
967781016880
967772829235
967771134607
967784677578
967783983369
967784705796
967776511711
967773833976
967773238806
967780802789
967773364112
967771642756
967784834919
967779358626
967784065869
967771304512
967778580054
967772539225
967783242709
967784414883
967773785808
967784671323
967783776909
967771685026
967779225231
967779823767
967783607956
967776120855
967784186959
967773955541
967785024465
967780271241
967783701264
967778055464
967775374579
967784711487
967775383079
967773755517
967775721452
967773173372
967774240876
967782293256
967778413810
967771427363
967776397865
967778342877
967781271818
967775243576
967774733712
967780504118
967772690289
967780895849
967774535649
967783938063
967773130256
967780886263
967783921745
967774490514
967776825946
967779907703
967784258704
967772639384
967770248835
967780184570
967784435868
967777946499
967780328640
967770905296
967775567291
967772913228
967773107297
967774935049
967772345717
967784059037
967773554422
967783615107
967778041617
967779909247
967781216302
967771790970
967776817147
967781539912
967774740425
967778893340
967780318896
967783850594
967784078178
967776735819
967776717383
967784437791
967772846304
967778236955
967773664319
967781047675
967784478454
967789880144
967784935857
967782362063
967777360239
967780242292
967782416437
967783249429
967781616893
967775127551
967778748193
967773538528
967777234166
967774917950
967779637436
967777494004
967774016949
967780019772
967776295332
967782344663
967772660953
967770566438
967777933668
967770615094
967784530475
967779242706
967779865400
967779607712
967772326272
967773470271
967776415474
967773191510
967785049768
967780782672
967771371712
967781018806
967771796135
967776885382
967774751510
967777716466
967771660877
967786411540
967777055343
967783507574
967788154364
967782590207
967783591935
967777223375
967774650943
967782279496
967771266947
967773109863
967775172417
967775303454
967770727338
967780798993
967773441624
967782489486
967789883160
967770376817
967776059444
967789524162
967775643165
967772624181
967774351268
967770445504
967775018289
967770575610
967775151571
967778270827
967778767607
967775540927
967774054349
967782489296
967776479049
967780200223
967779508136
967774494871
967776287647
967775400984
967784675961
967784810704
967773309083
967784477915
967776685860
967780643309
967773384081
967774213411
967783104345
967776256407
967788119168
967770176365
967780355149
967778471411
967782355975
967784771261
967776912499
967777078231
967777509999
967783309516
967784091197
967770539355
967770600768
967781195983
967783272654
967773541777
967784995510
967784990309
967775632801
967777461954
967782274746
967782361524
967787878400
967780004997
967782232945
967783476895
967776879018
967775473324
967779683362
967773915123
967771908006
967775309125
967784938353
967771488593
967775076175
967778468506
967775541055
967777969398
967773634965
967780997915
967774073868
967780476410
967783926055
967772537331
967783438784
967770457806
967772053957
967771718213
967773679284
967773360876
967770055579
967777873528
967783537813
967778486399
967781309395
967782260824
967779660242
967779065453
967772317024
967778666576
967772385054
967782522644
967789319760
967775320062
967785063173
967782066094
967784264142
967781484973
967780511709
967776784174
967778027592
967783987277
967784185894
967775987016
967772578251
967783165494
967770018341
967784381577
967778280899
967784381203
967782682622
967782782912
967781625337
967777622302
967773481841
967774263973
967777261853
967771632533
967780478916
967772937334
967774208136
967781919007
967776885564
967780050392
967779407513
967778231350
967781350659
967783579230
967777813921
967770308442
967785129911
967772645117
967776952771
967781644444
967789874742
967782255011
967779599529
967773224692
967776316741
967780108787
967781951679
967782905997
967782762322
967773843906
967780179114
967782447378
967776213827
967771853724
967775602096
967778868193
967773841883
967771789971
967776082456
967784227670
967774905320
967770806684
967780343623
967776373611
967783382151
967781432804
967784045610
967778777726
967774168300
967775465647
967778639486
967776761830
967773144266
967784393937
967782600453
967783366812
967775307130
967774821084
967776245843
967781698801
967775832940
967775659530
967778971719
967772295974
967784687224
967775206740
967777068138
967780283044
967783901844
967774433100
967777583379
967785676229
967772333412
967774868271
967776405804
967777916689
967770587067
967779779150
967779515301
967780051475
967773160840
967783938534
967777830460
967781637594
967783785114
967771309588
967782560671
967775655656
967777070128
967780488046
967780742258
967776949569
967783281627
967780156935
967773203704
967770008418
967785084018
967779857601
967775840377
967779484382
967783378194
967774558607
967780572541
967781578093
967784998911
967776732820
967771190340
967771349731
967770208728
967771311243
967770957886
967785011987
967774230905
967773761000
967778292726
967782460428
967778094330
967772506486
967775357217
967780702787
967775524404
967779984957
967780985244
967780101563
967774081335
967779635394
967776708921
967776856489
967778364691
967775117534
967771211637
967770022531
967770362115
967772623186
967781123727
967782342025
967781869651
967771378196
967773405165
967784374198
967782413895
967785542837
967774170262
967771882787
967782785658
967777972162
967771542384
967770470793
967783425288
967778793062
967771693801
967775430819
967780787625
967779600457
967779897123
967784402423
967778052178
967776246726
967773030589
967773539082
967771842795
967780170637
967776831614
967779787009
967770497934
967782319162
967775681665
967773771556
967772439961
967783426958
967771206361
967774514474
967781256644
967779467191
967774544044
967770940649
967780378585
967775640379
967772912832
967785055160
967777630021
967782824687
967776799324
967782228212
967785462730
967774324581
967781936604
967774251372
967774425247
967783392309
967773634103
967784931384
967772170116
967778651989
967784338026
967782087468
967775978740
967784975726
967775202126
967779303420
967777320242
967774658241
967772310356
967772468607
967773722819
967784995565
967783221043
967780815039
967779772306
967777399889
967784096837
967776679055
967784670876
967777484797
967779445642
967781434026
967780338046
967783798453
967772891013
967778223457
967776259089
967778401376
967770905294
967783358525
967770693751
967773457495
967784009990
967782259489
967779955563
967773644171
967781398269
967777585046
967774963700
967781550712
967779156641
967783570095
967775529623
967770551047
967778051365
967773445287
967777935516
967781645699
967778524133
967781040496
967780602820
967774069501
967773169228
967770478832
967771023548
967775045705
967783723895
967771166940
967783319690
967783434727
967771341365
967779127762
967780910328
967779874546
967777319063
967773497428
967781796607
967783174766
967784209888
967776019082
967778661753
967782322592
967784418661
967780234081
967778351806
967774650010
967778868799
967770607072
967780440073
967773923256
967781359816
967773307088
967778814829
967770143897
967784393582
967784457792
967773141340
967781525618
967780956986
967782236428
967778863232
967771779619
967777998489
967782811998
967772119552
967784499219
967784026511
967777739992
967773134767
967783027940
967770485006
967782418668
967784258919
967770920369
967771014277
967774607605
967777711098
967770442117
967778528280
967771039275
967778296151
967774742896
967785681769
967770746572
967770105554
967784423864
967771726505
967780420604
967780540981
967771584259
967780169741
967780424227
967784795368
967780731970
967773239832
967775261224
967776023124
967774436921
967778136425
967771082603
967775634329
967786558954
967776195826
967782490045
967775737274
967782347207
967770893019
967775530755
967779968662
967780505585
967775584530
967779539102
967776554030
967777028410
967783742506
967780165706
967778227846
967770390372
967784070589
967783032290
967783477721
967784652242
967772756671
967774282294
967774679883
967781787065
967782388727
967781970016
967772345610
967785477032
967778299533
967783693118
967778495447
967779063195
967777919740
967772343020
967773296591
967776903864
967773119559
967774725908
967782228304
967781723814
967774218671
967780002911
967781340120
967770073043
967780422247
967780516249
967780787058
967778430234
967771785984
967780552537
967783108545
967780707327
967778925128
967771202980
967782231917
967778934553
967774595779
967784028884
967780667720
967771151709
967772592253
967774689876
967779466622
967781261255
967783831530
967777781015
967778681241
967779775642
967777879482
967782880098
967772659332
967774824467
967777810594
967772748623
967773624998
967778167850
967772260409
967781923191
967772640823
967772932922
967784687980
967776694383
967772264594
967776205076
967773275902
967777403241
967779501064
967772577973
967772123545
967779774343
967778369185
967773299269
967784268434
967774543996
967783322098
967776832520
967776102162
967778320242
967779333197
967781333502
967783148163
967782409306
967785086233
967779703120
967774550946
967779002516
967775689170
967770119016
967773868586
967779896923
967777473595
967775950871
967771830153
967778089155
967782447433
967784656471
967779237596
967783193725
967784988548
967785084022
967779328464
967780179824
967770972300
967784748368
967774240272
967779335800
967782371892
967776045754
967780059926
967774820969
967777751679
967784958822
967775969089
967770130372
967778363638
967780947228
967779462529
967770286264
967772354892
967782701177
967779779707
967772637957
967770330996
967773212537
967781091525
967779216969
967776605511
967780853282
967784977214
967774975808
967780720373
967776429591
967781244353
967776265059
967779185174
967775027495
967773119304
967771949266
967778141698
967779259713
967773146281
967772714297
967784060195
967778133208
967777426530
967774604429
967772947308
967775885891
967775531136
967771881245
967780809793
967783213305
967779920923
967784355887
967771940515
967783515222
967772087854
967771473956
967775733740
967770565176
967784188068
967774763552
967771665570
967776516072
967783010621
967775211384
967783278595
967773512566
967772919519
967774528493
967783699300
967774034306
967772749477
967777620128
967782628748
967770467791
967784851734
967778206218
967784278191
967781157978
967776791958
967776990569
967784387548
967781723737
967772433549
967770338200
967772907485
967770408538
967782276379
967775532965
967772274292
967775764644
967783292311
967784326844
967776133442
967778386005
967783297760
967781000828
967779161721
967778023139
967781313325
967772021882
967779654327
967782590812
967779655005
967775128659
967770041500
967774750710
967780272488
967774389379
967781007971
967772819234
967773294455
967778801841
967777724631
967774348762
967780338675
967783007402
967775523222
967782744941
967775646764
967773097231
967772009919
967782871088
967783224318
967786976474
967784819681
967782017331
967781427095
967778988978
967777033022
967772445625
967772902139
967775655766
967777838778
967782611071
967772087298
967784481178
967774903373
967778469906
967778450125
967776910337
967783566436
967776031605
967773115155
967770124849
967779761200
967773825892
967772301795
967772763696
967782382004
967774419519
967772557483
967777700631
967777419707
967771618606
967778663619
967775197860
967783456114
967779988575
967772614760
967781364443
967776845079
967782029872
967779396542
967773342423
967771468928
967782728254
967783117483
967770737468
967782468839
967783387837
967770229292
967772575407
967772148946
967784108975
967774981377
967776528890
967780520785
967779125856
967784536225
967777319992
967783324392
967770798711
967771008971
967771647285
967780658249
967779858782
967778065597
967780191093
967772211785
967783503750
967784605131
967780387163
967783458300
967771509275
967777928983
967776748491
967783716058
967777988599
967778841568
967777792826
967780820261
967772653805
967782829278
967781858266
967780214041
967779436343
967784772066
967778576814
967776701108
967773724404
967777182577
967781601099
967785081695
967775862663
967774462589
967779787941
967781269958
967784984124
967773820486
967780340592
967775535296
967782297736
967777227467
967772863158
967782444919
967783053077
967775016453
967782947343
967780362101
967784295365
967771759254
967784695101
967784449920
967777581072
967770083303
967776004423
967783280457
967772913924
967772038681
967783734948
967772412206
967784723116
967772239718
967779547238
967787106998
967782354050
967774582976
967780202374
967777653063
967781937531
967779157943
967782949562
967776945088
967781308453
967783982936
967784657791
967783771078
967783235539
967779507803
967771489668
967777694656
967783519010
967782264067
967783240013
967780132680
967784732909
967775829125
967784031203
967773646609
967780972984
967775656881
967780495847
967780462296
967774828240
967781227539
967776386665
967781993734
967782963846
967784838160
967781653642
967786754088
967782596644
967775101909
967774112537
967773232914
967783056710
967778304551
967771040468
967774915477
967783849696
967784073309
967782213032
967784889668
967776309671
967776989882
967783640306
967772411094
967776975692
967777488843
967770608941
967779164717
967784353030
967782046423
967781920012
967770619539
967771071085
967783858773
967777452025
967778288135
967772749299
967770902013
967780799980
967782378786
967772597858
967777403768
967777784616
967779891777
967779996608
967770320401
967775036349
967775133964
967771620584
967783661703
967782310327
967773656169
967774034643
967776432023
967780690719
967777970106
967781538470
967781422151
967780849429
967774050319
967774822577
967774032735
967774533939
967778381762
967774605140
967780844005
967774511520
967775368020
967780019313
967782244146
967783572936
967780904799
967772866444
967777299310
967778098059
967770052292
967779322261
967773008903
967784771470
967779596900
967783519270
967771784661
967779316706
967783347923
967778548829
967780529355
967777524663
967783947942
967770059952
967781402679
967783530564
967781892368
967782869652
967777977915
967783631783
967776283588
967781370940
967783849207
967782749544
967779749548
967779565999
967784098341
967779898216
967774536365
967778287221
967782092415
967772492608
967779750096
967770062674
967776942426
967773524294
967773538753
967772651881
967779340765
967770932316
967772243763
967777613726
967781353567
967778343039
967772492535
967781454615
967774657887
967782455641
967775952978
967777230508
967778619727
967783349378
967780743147
967771316707
967784537598
967781606659
967777083632
967781042699
967772057228
967781247907
967780023317
967776799279
967778203845
967780590028
967771812092
967783602159
967783534622
967772172064
967775118326
967775240045
967781811545
967780745723
967776694724
967775510849
967780414381
967777639381
967784510384
967780799964
967782696758
967777110058
967782143145
967770012452
967781599049
967778944849
967779984065
967788122415
967784032231
967773921876
967775655179
967776483919
967785641086
967778708680
967784047627
967777479005
967773224091
967770549724
967770657765
967773164470
967782779217
967770859002
967778506274
967777346012
967772637972
967776127415
967770421836
967770489504
967778661101
967774750754
967770538962
967779114483
967778813016
967772748298
967771543028
967770266715
967775800385
967777823812
967778049299
967770910794
967783495306
967779197280
967779022249
967771431250
967783516687
967781110811
967782358931
967772925825
967775949228
967783017833
967772833153
967776336458
967781231798
967784850013
967773204429
967782204932
967778186413
967772723975
967783712564
967781638106
967774993712
967774257894
967780913133
967777606984
967777580923
967772001396
967772399861
967771194724
967772923671
967779788788
967776045688
967774279966
967770976563
967781221438
967774278760
967773146340
967776563754
967772342457
967775710582
967774486930
967780444170
967781138923
967782288423
967771588717
967772586406
967777159624
967771830053
967776947138
967776532665
967782193592
967775759235
967779989012
967777237141
967789877840
967770569199
967782662052
967774469398
967774982442
967783668804
967770049505
967782276914
967779925544
967781886689
967777776034
967782320801
967770736658
967774979656
967784947467
967783493792
967777062539
967774382120
967774818144
967778587320
967777146228
967782936902
967770272226
967773056545
967783200694
967776852628
967780894076
967784776475
967783725506
967777718003
967783322887
967783487377
967784204007
967778253241
967778404736
967779876428
967774895991
967783077394
967777569201
967780365663
967773419832
967770309112
967780839447
967777985698
967777327345
967771965636
967777957751
967770124880
967783217684
967774891225
967781907428
967773549337
967778197718
967778888742
967784710991
967780101794
967777372067
967777040864
967781411992
967775616997
967770048989
967782024126
967770236232
967784614719
967772276269
967777873376
967776657558
967783314143
967783608276
967780392968
967771488392
967784590502
967774981654
967780541821
967773154064
967778426552
967776897783
967774487703
967784876570
967780589702
967775839029
967781443351
967786086365
967771186412
967778428869
967786677702
967777291188
967780381927
967775721936
967774899314
967774057708
967774929873
967782564462
967784991207
967777328442
967780189681
967778620200
967776687711
967777679541
967777542256
967782335703
967782077378
967776734767
967779959574
967783918924
967772850120
967779829573
967770607805
967784393925
967775700266
967775824562
967771517046
967779025458
967774527028
967781286410
967774830405
967784455595
967770600193
967779641274
967783717684
967783100328
967776037186
967773288623
967779088791
967777201080
967770821025
967779905316
967782224008
967777978641
967784869118
967784677171
967779278154
967781359241
967775286012
967781198202
967774796420
967781670966
967781679661
967775606671
967775871170
967774825366
967771362825
967780359300
967776196237
967781311529
967784664052
967776971348
967781497273
967777571968
967780081138
967776003705
967775955512
967771415224
967780851178
967780242145
967779877522
967783206111
967780479304
967776718867
967782972455
967773297042
967773356850
967777151549
967772804014
967773665652
967783908110
967771447533
967782696127
967784875643
967780855559
967775252762
967783530585
967778864401
967776650335
967781010418
967775290748
967773531200
967771152147
967782198021
967781024311
967777244549
967781687594
967774373094
967783432711
967781374703
967773397979
967777170165
967779757715
967777701292
967770549584
967776758977
967775299016
967779200388
967775099354
967772007650
967772136474
967781280490
967773257342
967780220667
967773393424
967783875597
967772507229
967780479525
967770534425
967774524875
967775629422
967770541929
967782697361
967784149512
967782374905
967782991327
967775820706
967771877657
967784038813
967772722842
967775196966
967776294770
967771996610
967773511771
967782164644
967774121486
967770158678
967777797427
967771866258
967780003696
967778323596
967770268922
967779063338
967775264845
967777810825
967780397232
967776027778
967770975708
967775281917
967770424662
967779009596
967775751564
967779554296
967780485157
967770357635
967775472449
967772114762
967782342130
967776920204
967782017180
967781473192
967773150044
967780530377
967777614460
967773220895